Organisationsnr,Namn,PostAdress,PostNr,PostOrt,BesöksAdress,BesöksPostNr,BesöksPostOrt,Tfn,Fax,Epost,Webbadress,SFS,Land,Ambassadör/Generalkonsul,PostAdress1,PostAdress2,PostAdress3,PostAdress4,PostAdress5,PostAdress6,PostAdress7,BesöksAdress1,BesöksAdress2,BesöksAdress3,BesöksAdress4,BesöksAdress5,BesöksAdress6,BesöksAdress7,Sort
202100-5943,Alkoholsortimentsnämnden,Box 2218,103 15,STOCKHOLM,,000 00,STOCKHOLM,87000800.0,,registratur@kammarkollegiet.se,www.kammarkollegiet.se/alkoholsortimentsnamnden,2007:1216,,,,,,,,,,,,,,,,,
202100-3625,ALLMÄNNA REKLAMATIONSNÄMNDEN,BOX 174,101 23,STOCKHOLM,Sveavägen 31,111 34,STOCKHOLM,850886000.0,,arn@arn.se,www.arn.se,2015:739,,,,,,,,,,,,,,,,,
202100-6834,Ansvarsnämnden för djurens hälso- och sjukvård,BOX 322,551 15,JÖNKÖPING,Vallgatan 8,553 16,JÖNKÖPING,36155853.0,,vetansvar@jordbruksverket.se,www.vetansvar.se,2009:302,,,,,,,,,,,,,,,,,
202100-2114,ARBETSFÖRMEDLINGEN,,107 67,STOCKHOLM,ELEKTROGATAN 4,171 54,SOLNA,771600053.0,,registrator@arbetsformedlingen.se,www.arbetsformedlingen.se,2022:811,,,,,,,,,,,,,,,,,
202100-3476,ARBETSGIVARVERKET,Mäster Samuelsgatan 60  9 tr,111 21,STOCKHOLM,Mäster Samuelsgatan 60,111 21,STOCKHOLM,,,registrator@arbetsgivarverket.se,www.arbetsgivarverket.se,2007:829,,,,,,,,,,,,,,,,,
202100-2148,ARBETSMILJÖVERKET,BOX 9082,171 09,SOLNA,SVETSARVÄGEN 12  2TR,171 41,SOLNA,107309000.0,,arbetsmiljoverket@av.se,www.av.se,2007:913,,,,,,,,,,,,,,,,,
202100-5950,Arvfondsdelegationen,BOX 2218,103 15,STOCKHOLM,Slottsbacken 6,111 30,STOCKHOLM,87000800.0,,info@arvsfonden.se,www.arvsfonden.se,2021:403,,,,,,,,,,,,,,,,,
202100-3690,BARNOMBUDSMANNEN,BOX 22106,104 22,STOCKHOLM,LINDHAGENSGATAN 126,112 51,STOCKHOLM,86922950.0,,info@barnombudsmannen.se,www.barnombudsmannen.se,2007:1021,,,,,,,,,,,,,,,,,
202100-4011,BLEKINGE TEKNISKA HÖGSKOLA,,371 79,KARLSKRONA,VALHALLAVÄGEN 1,371 41,KARLSKRONA,455385000.0,,registrator@bth.se,www.bth.se,1993:100,,,,,,,,,,,,,,,,,
202100-3278,BOKFÖRINGSNÄMNDEN,BOX 7849,103 99,STOCKHOLM,Sveavägen 44,111 34,STOCKHOLM,840898990.0,,bfn@bfn.se,www.bfn.se,2017:153,,,,,,,,,,,,,,,,,
202100-5489,BOLAGSVERKET,,851 81,SUNDSVALL,STUVARVÄGEN 21,852 29,SUNDSVALL,771670670.0,,bolagsverket@bolagsverket.se,www.bolagsverket.se,2007:1110,,,,,,,,,,,,,,,,,
202100-3989,BOVERKET,BOX 534,371 23,KARLSKRONA,Skeppsbrokajen 16,371 33,KARLSKRONA,,,registraturen@boverket.se,www.boverket.se,2022:208,,,,,,,,,,,,,,,,,
202100-0068,BROTTSFÖREBYGGANDE RÅDET,BOX 1386,111 93,STOCKHOLM,FLEMINGGATAN 14,112 26,STOCKHOLM,852758400.0,,registrator@bra.se,www.bra.se,2016:1201,,,,,,,,,,,,,,,,,
202100-3435,BROTTSOFFERMYNDIGHETEN,BOX 470,901 09,UMEÅ,STORGATAN 49,903 26,UMEÅ,90708200.0,,registrator@brottsoffermyndigheten.se,www.brottsoffermyndigheten.se,2007:1171,,,,,,,,,,,,,,,,,
202100-6909,CENTRALA DJURFÖRSÖKSETISKA NÄMNDEN,,551 82,JÖNKÖPING,,000 00,JÖNKÖPING,,,infoCDFN@jordbruksverket.se,www.cdfn.se,1988:539,,,,,,,,,,,,,,,,,
202100-1819,CENTRALA STUDIESTÖDSNÄMNDEN,,851 82,SUNDSVALL,NORRA TJÄRNGATAN 2,852 33,SUNDSVALL,60186000.0,,registrator@csn.se,www.csn.se,2017:1114,,,,,,,,,,,,,,,,,
202100-6842,Delegationen för folkrättslig granskning av vapenprojekt,,103 33,STOCKHOLM,,000 00,STOCKHOLM,,,,,2007:936,,,,,,,,,,,,,,,,,
202100-6073,Diskrimineringsombudsmannen,Box 4057,169 04,SOLNA,Råsundavägen 18,169 67,SOLNA,,,do@do.se,www.do.se,2008:1401,,,,,,,,,,,,,,,,,
202100-6081,Domarnämnden,BOX 2330,103 18,STOCKHOLM,BIRGER JARLS TORG 5,111 28,STOCKHOLM,856166950.0,,domarnamnden@dom.se,www.domstol.se/domarnamnden,2010:1793,,,,,,,,,,,,,,,,,
202100-6552,E-hälsomyndigheten,Box 913,391 29,KALMAR,SÖDRA LÅNGGATAN 60,392 31,KALMAR,104586200.0,,registrator@ehalsomyndigheten.se,www.ehalsomyndigheten.se,2013:1031,,,,,,,,,,,,,,,,,
202100-4979,EKOBROTTSMYNDIGHETEN,BOX 22098,104 22,STOCKHOLM,Hantverkargatan 11,112 21,STOCKHOLM,105629000.0,,huvudregistrator@ekobrottsmyndigheten.se,www.ekobrottsmyndigheten.se,2015:744,,,,,,,,,,,,,,,,,
202100-5026,EKONOMISTYRNINGSVERKET,BOX 12028,102 21,STOCKHOLM,Fleminggatan 20,112 26,STOCKHOLM,86904300.0,,registrator@esv.se,www.esv.se,2016:1023,,,,,,,,,,,,,,,,,
202100-4466,ELSÄKERHETSVERKET,BOX 4,681 21,KRISTINEHAMN,Nya kyrkogatan 18 B,681 31,KRISTINEHAMN,101680500.0,,registrator@elsakerhetsverket.se,www.elsakerhetsverket.se,2007:1121,,,,,,,,,,,,,,,,,
202100-5695,Energimarknadsinspektionen,BOX 155,631 03,ESKILSTUNA,Libergsgatan 6,632 21,ESKILSTUNA,16162700.0,,registrator@ei.se,www.ei.se,2016:742,,,,,,,,,,,,,,,,,
202100-6925,ETIKPRÖVNINGSMYNDIGHETEN,Box 2110,750 02,UPPSALA,DROTTNINGGATAN 7,752 37,UPPSALA,104750800.0,,registrator@etikprovning.se,www.etikprovning.se,2018:1879,,,,,,,,,,,,,,,,,
202100-2098,EXPORTKREDITNÄMNDEN,BOX 3064,103 61,STOCKHOLM,KUNGSGATAN 36,111 35,STOCKHOLM,87880000.0,,info@ekn.se,www.ekn.se,2007:1217,,,,,,,,,,,,,,,,,
202100-4870,FASTIGHETSMÄKLARINSPEKTIONEN,BOX 5045,650 05,KARLSTAD,VÅXNÄSGATAN 10,653 40,KARLSTAD,104900100.0,,registrator@fmi.se,www.fmi.se,2009:606,,,,,,,,,,,,,,,,,
202100-0043,FIDEIKOMMISSNÄMNDEN,BOX 2218,103 15,STOCKHOLM,,,,87000800.0,,registratur@kammarkollegiet.se,www.kammarkollegiet.se/om-oss/kammarkollegiets-uppgifter/kammarkollegiets-stod-till-andra-myndigheter/fideikommissnamnden,2007:1074,,,,,,,,,,,,,,,,,
202100-4235,FINANSINSPEKTIONEN,BOX 7821,103 97,STOCKHOLM,Sveavägen 44,111 34,STOCKHOLM,840898000.0,,finansinspektionen@fi.se,www.fi.se,2023:910,,,,,,,,,,,,,,,,,
202100-5687,FINANSPOLITISKA RÅDET,Box 3273,103 65,STOCKHOLM,Fleminggatan 7,112 26,STOCKHOLM,84535990.0,,info@fpr.se,www.fpr.se,2011:446,,,,,,,,,,,,,,,,,
202100-5380,FOLKE BERNADOTTEAKADEMIN,Box 27068,102 51,STOCKHOLM,Sandövägen 1,872 64,SANDÖVERKEN,104562300.0,,info@fba.se,www.fba.se,2024:1026,,,,,,,,,,,,,,,,,
202100-6545,Folkhälsomyndigheten,,171 82,SOLNA,NOBELS VÄG 18,171 65,SOLNA,102052000.0,,info@folkhalsomyndigheten.se,www.folkhalsomyndigheten.se,2021:248,,,,,,,,,,,,,,,,,
202100-7030,FONDTORGSNÄMNDEN,BOX 38040,100 64,STOCKHOLM,Bruksvägen 11,147 43,TUMBA,104598500.0,,registrator@ftn.se,www.ftn.se,2022:764,,,,,,,,,,,,,,,,,
202100-5893,Forskarskattenämnden,Box 24144,104 51,STOCKHOLM,Karlavägen 108,115 26,STOCKHOLM,105747957.0,,kansliet@forskarskattenamnden.se,www.forskarskattenamnden.se,2007:786,,,,,,,,,,,,,,,,,
202100-5232,"FORSKNINGSRÅDET F MILJÖ, AREELLA NÄRINGAR OCH SAMHÄLLSBYGGANDE",BOX 1206,111 82,STOCKHOLM,DROTTNINGGATAN 89,113 60,STOCKHOLM,87754000.0,,registrator@formas.se,www.formas.se,2009:1024,,,,,,,,,,,,,,,,,
202100-5240,"FORSKNINGSRÅDET FÖR HÄLSA, ARBETSLIV OCH VÄLFÄRD",MAGNUS LADULÅSGATAN 65,118 27,STOCKHOLM,MAGNUS LADULÅSGATAN 65,118 27,STOCKHOLM,87754070.0,,forte@forte.se,www.forte.se,2007:1431,,,,,,,,,,,,,,,,,
202100-4607,FORTIFIKATIONSVERKET,,631 89,ESKILSTUNA,KUNGSGATAN 43,632 17,ESKILSTUNA,,,fortv@fortifikationsverket.se,www.fortifikationsverket.se,2007:758,,,,,,,,,,,,,,,,,
202100-5356,FORUM FÖR LEVANDE HISTORIA,Box 2123,103 13,STOCKHOLM,Stora Nygatan 10-12,111 27,STOCKHOLM,87238750.0,,info@levandehistoria.se,www.levandehistoria.se,2007:1197,,,,,,,,,,,,,,,,,
202100-0340,FÖRSVARETS MATERIELVERK,,115 88,STOCKHOLM,BANÉRGATAN 62,115 53,STOCKHOLM,87824000.0,,registrator@fmv.se,www.fmv.se,2007:854,,,,,,,,,,,,,,,,,
202100-0365,FÖRSVARETS RADIOANSTALT,BOX 301,161 26,BROMMA,RÖRBYVÄGEN 20,178 93,DROTTNINGHOLM,105574600.0,,fra@fra.se,www.fra.se,2025:237,,,,,,,,,,,,,,,,,
202100-4730,FÖRSVARSHÖGSKOLAN,BOX 27805,115 93,STOCKHOLM,DROTTNING KRISTINAS VÄG 37,114 28,STOCKHOLM,855342500.0,,registrator@fhs.se,www.fhs.se,2007:1164,,,,,,,,,,,,,,,,,
202100-4615,FÖRSVARSMAKTEN,,107 85,STOCKHOLM,Lidingövägen 24,115 57,STOCKHOLM,87887500.0,,exp-hkv@mil.se,www.forsvarsmakten.se,2024:1333,,,,,,,,,,,,,,,,,
202100-5521,FÖRSÄKRINGSKASSAN,BOX 42006,126 12,STOCKHOLM,LM ERICSSONS VÄG 28,126 26,HÄGERSTEN,87869000.0,,huvudkontoret@forsakringskassan.se,www.forsakringskassan.se,2009:1174,,,,,,,,,,,,,,,,,
202100-4813,GENTEKNIKNÄMNDEN,BOX 1035,101 38,STOCKHOLM,,,,8271254.0,,genteknik@genteknik.se,www.genteknik.se,2007:1075,,,,,,,,,,,,,,,,,
202100-6859,Granskningsnämnden för försvarsuppfinningar,,103 33,STOCKHOLM,,000 00,STOCKHOLM,,,,,2007:855,,,,,,,,,,,,,,,,,
202100-4334,Gymnastik- och idrottshögskolan (GIH),BOX 5626,114 86,STOCKHOLM,LIDINGÖVÄGEN 1,114 33,STOCKHOLM,812053700.0,,registrator@gih.se,www.gih.se,1993:100,,,,,,,,,,,,,,,,,
202100-3153,GÖTEBORGS UNIVERSITET,,405 30,GÖTEBORG,UNIVERSITETSPLATSEN 1  Vasaparken,411 24,GÖTEBORG,317860000.0,,,www.gu.se,1993:100,,,,,,,,,,,,,,,,,
202100-4250,HARPSUNDSNÄMNDEN,HARPSUND,642 63,MELLÖSA,HARPSUND,642 63,MELLÖSA,15760003.0,,christoffer@harpsund.se,www.harpsund.se,2007:1227,,,,,,,,,,,,,,,,,
202100-6420,HAVS- OCH VATTENMYNDIGHETEN,BOX 11930,404 39,GÖTEBORG,GULLBERGS STRANDGATA 15,411 04,GÖTEBORG,106986000.0,,havochvatten@havochvatten.se,www.havochvatten.se,2011:619,,,,,,,,,,,,,,,,,
202100-3765,HÄLSO- & SJUKVÅRDENS ANSVARSNÄMND,,106 30,STOCKHOLM,,,,752473000.0,,socialstyrelsen@socialstyrelsen.se,www.hsan.se,2011:582,,,,,,,,,,,,,,,,,
202100-2908,HÖGSKOLAN DALARNA,,791 88,FALUN,HÖGSKOLEGATAN 2,791 31,FALUN,23778000.0,,registrator@du.se,www.du.se,1993:100,,,,,,,,,,,,,,,,,
202100-3138,HÖGSKOLAN I BORÅS,,501 90,BORÅS,ALLÉGATAN 1,503 32,BORÅS,334354000.0,,registrator@hb.se,www.hb.se,1993:100,,,,,,,,,,,,,,,,,
202100-2890,HÖGSKOLAN I GÄVLE,,801 76,GÄVLE,KUNGSBÄCKSVÄGEN 47,802 67,GÄVLE,26648500.0,,registrator@hig.se,www.hig.se,1993:100,,,,,,,,,,,,,,,,,
202100-3203,HÖGSKOLAN I HALMSTAD,BOX 823,301 18,HALMSTAD,KRISTIAN IV:S VÄG 3,302 50,HALMSTAD,,,registrator@hh.se,www.hh.se,1993:100,,,,,,,,,,,,,,,,,
202100-3146,HÖGSKOLAN I SKÖVDE,BOX 408,541 28,SKÖVDE,HÖGSKOLEVÄGEN 1,549 55,SKÖVDE,500448000.0,,registrator@his.se,www.his.se,1993:100,,,,,,,,,,,,,,,,,
202100-3195,HÖGSKOLAN KRISTIANSTAD,,291 88,KRISTIANSTAD,ELMETORPSVÄGEN 15,291 39,KRISTIANSTAD,442503000.0,,info@hkr.se,www.hkr.se,1993:100,,,,,,,,,,,,,,,,,
202100-4052,HÖGSKOLAN VÄST,,461 86,TROLLHÄTTAN,GUSTAVA MELINS GATA 2,461 32,TROLLHÄTTAN,520223000.0,,registrator@hv.se,www.hv.se,1993:100,,,,,,,,,,,,,,,,,
202100-6867,Högskolans avskiljandenämnd,BOX 6028,121 06,JOHANNESHOV,HAMMARBYBACKEN 31,121 06,JOHANNESHOV,856308700.0,,han@han.se,www.han.se,2007:990,,,,,,,,,,,,,,,,,
202100-5877,ILO-KOMMITTÉN,,103 33,STOCKHOLM,Fredsgatan 8,111 52,STOCKHOLM,84051000.0,,a.ilo-kommitten@regeringskansliet.se,www.svenskailo-kommitten.se,1977:987,,,,,,,,,,,,,,,,,
202100-5414,INSPEKTIONEN FÖR ARBETSLÖSHETSFÖRSÄKRING,BOX 210,641 22,KATRINEHOLM,KÖPMANGATAN 2,641 30,KATRINEHOLM,,,iaf@iaf.se,www.iaf.se,2007:906,,,,,,,,,,,,,,,,,
202100-6248,INSPEKTIONEN FÖR SOCIALFÖRSÄKRINGEN,BOX 1056,405 22,GÖTEBORG,Lilla bommen 1,411 04,GÖTEBORG,101741500.0,,registrator@isf.se,www.isf.se,2009:602,,,,,,,,,,,,,,,,,
202100-4912,INSPEKTIONEN FÖR STRATEGISKA PRODUKTER,BOX 6086,171 06,SOLNA,VRETENVÄGEN 13 B,171 54,SOLNA,,,registrator@isp.se,www.isp.se,2010:1101,,,,,,,,,,,,,,,,,
202100-6537,Inspektionen för vård och omsorg,BOX 45184,104 30,STOCKHOLM,SOLNAVÄGEN 4,113 68,STOCKHOLM,107885000.0,,registrator@ivo.se,www.ivo.se,2013:196,,,,,,,,,,,,,,,,,
202100-4946,INSTITUTET FÖR ARBETSMARKNADS-OCH UTBILDNINGSPOLITISK UTVÄRDERING,BOX 513,751 20,UPPSALA,KYRKOGÅRDSGATAN 6,753 12,UPPSALA,184717070.0,,ifau@ifau.uu.se,www.ifau.se,2007:911,,,,,,,,,,,,,,,,,
202100-7022,INSTITUTET FÖR MÄNSKLIGA RÄTTIGHETER,BOX 2125,220 02,LUND,Mobilvägen 10,223 62,LUND,,,registrator@mrinstitutet.se,www.mrinstitutet.se,2021:1198,,,,,,,,,,,,,,,,,
202100-3567,INSTITUTET FÖR RYMDFYSIK,BOX 812,981 28,KIRUNA,Bengt Hultqvists väg 1,981 92,KIRUNA,98079000.0,,irf@irf.se,www.irf.se,2007:1163,,,,,,,,,,,,,,,,,
202100-1082,Institutet för språk och folkminnen,BOX 135,751 04,UPPSALA,VON KRAEMERS ALLÉ 19,752 37,UPPSALA,200283333.0,,registrator@isof.se,www.isof.se,2007:1181,,,,,,,,,,,,,,,,,
202100-0050,Integritetsskyddsmyndigheten,BOX 8114,104 20,STOCKHOLM,Fleminggatan 14,112 26,STOCKHOLM,86576100.0,,imy@imy.se,www.imy.se,2007:975,,,,,,,,,,,,,,,,,
202100-0035,JUSTITIEKANSLERN,BOX 2308,103 17,STOCKHOLM,BIRGER JARLS TORG 12,111 28,STOCKHOLM,104759300.0,,registrator@jk.se,www.jk.se,1975:1345,,,,,,,,,,,,,,,,,
202100-6693,Jämställdhetsmyndigheten,Vikingsgatan 3,411 04,GÖTEBORG,Vikingsgatan 3,411 04,GÖTEBORG,,,info@jamstalldhetsmyndigheten.se,www.jamstalldhetsmyndigheten.se,2017:937,,,,,,,,,,,,,,,,,
202100-0829,KAMMARKOLLEGIET,BOX 2218,103 15,STOCKHOLM,SLOTTSBACKEN 6,111 30,STOCKHOLM,87000800.0,,registratur@kammarkollegiet.se,www.kammarkollegiet.se,2007:824,,,,,,,,,,,,,,,,,
202100-3120,KARLSTADS UNIVERSITET,,651 88,KARLSTAD,UNIVERSITETSGATAN 2,656 37,KARLSTAD,547001000.0,,registrator@kau.se,www.kau.se,1993:100,,,,,,,,,,,,,,,,,
202100-2973,KAROLINSKA INSTITUTET,,171 77,STOCKHOLM,NOBELS VÄG 6,171 65,SOLNA,852480000.0,,registrator@ki.se,www.ki.se,1993:100,,,,,,,,,,,,,,,,,
202100-3880,KEMIKALIEINSPEKTIONEN,BOX 2,172 13,SUNDBYBERG,Vasagatan 12 D,172 67,SUNDBYBERG,,,kemi@kemi.se,www.kemi.se,2009:947,,,,,,,,,,,,,,,,,
202100-6719,Klimatpolitiska rådet,BOX 1206,111 82,STOCKHOLM,Drottninggatan 89,111 36,STOCKHOLM,87754170.0,,kansli@klimatpolitiskaradet.se,www.klimatpolitiskaradet.se,2017:1268,,,,,,,,,,,,,,,,,
202100-2007,KOMMERSKOLLEGIUM,BOX 6803,113 86,STOCKHOLM,FLEMMINGGATAN 14,112 26,STOCKHOLM,86904800.0,,registrator@kommerskollegium.se,www.kommerskollegium.se,2012:990,,,,,,,,,,,,,,,,,
202100-0845,KONJUNKTURINSTITUTET,FLEMINGGATAN 7,112 26,STOCKHOLM,Fleminggatan 7,112 26,STOCKHOLM,84535900.0,,registrator@konj.se,www.konj.se,2007:759,,,,,,,,,,,,,,,,,
202100-4342,KONKURRENSVERKET,RINGVÄGEN 100,118 60,STOCKHOLM,RINGVÄGEN 100,118 60,STOCKHOLM,87001600.0,,konkurrensverket@kkv.se,www.konkurrensverket.se,2007:1117,,,,,,,,,,,,,,,,,
202100-1199,KONSTFACK,Box 3601,126 27,STOCKHOLM,LM ERICSSONS VÄG 14,126 26,HÄGERSTEN,84504100.0,,registrator@konstfack.se,www.konstfack.se,1993:100,,,,,,,,,,,,,,,,,
202100-3252,KONSTNÄRSNÄMNDEN,MARIA SKOLGATA 83,118 53,STOCKHOLM,MARIA SKOLGATA 83,118 53,STOCKHOLM,850655000.0,,info@konstnarsnamnden.se,www.konstnarsnamnden.se,2007:1199,,,,,,,,,,,,,,,,,
202100-2064,KONSUMENTVERKET,BOX 48,651 02,KARLSTAD,TAGE ERLANDERGATAN 8 A,652 20,KARLSTAD,771423300.0,,konsumentverket@konsumentverket.se,www.konsumentverket.se,2009:607,,,,,,,,,,,,,,,,,
202100-5810,Krigsförsäkringsnämnden,Box 7821,103 97,STOCKHOLM,,000 00,STOCKHOLM,87878000.0,,,http://www.regeringen.se/myndigheter-med-flera/krigsforsakringsnamnden/,2007:842,,,,,,,,,,,,,,,,,
202100-0225,KRIMINALVÅRDEN,,601 80,NORRKÖPING,SLOTTSGATAN 78,602 22,NORRKÖPING,772280800.0,,hk@kriminalvarden.se,www.kriminalvarden.se,2023:797,,,,,,,,,,,,,,,,,
202100-5646,KRONOFOGDEMYNDIGHETEN,Box 1050,172 21,SUNDBYBERG,ESPLANADEN 1,172 67,SUNDBYBERG,771737300.0,,kontakt@kronofogden.se,www.kronofogden.se,2016:1333,,,,,,,,,,,,,,,,,
202100-1710,KUNGLIGA BIBLIOTEKET,BOX 5039,102 41,STOCKHOLM,HUMLEGÅRDSGATAN 26,114 46,STOCKHOLM,107093000.0,,kungl.biblioteket@kb.se,www.kb.se,2008:1421,,,,,,,,,,,,,,,,,
202100-2957,KUNGLIGA KONSTHÖGSKOLAN,BOX 16315,103 26,STOCKHOLM,FLAGGMANSVÄGEN 1,111 49,STOCKHOLM,86144000.0,,info@kkh.se,www.kkh.se,1993:100,,,,,,,,,,,,,,,,,
202100-1215,KUNGLIGA MUSIKHÖGSKOLAN,BOX 27711,115 91,STOCKHOLM,Valhallavägen 105,115 51,STOCKHOLM,,,registrator@kmh.se,www.kmh.se,1993:100,,,,,,,,,,,,,,,,,
202100-3054,KUNGLIGA TEKNISKA HÖGSKOLAN,,100 44,STOCKHOLM,Brinellvägen 8,114 28,STOCKHOLM,87906000.0,,registrator@kth.se,www.kth.se,1993:100,,,,,,,,,,,,,,,,,
202100-3997,KUSTBEVAKNINGEN,BOX 536,371 23,KARLSKRONA,BASTIONSGATAN 18,371 32,KARLSKRONA,776707000.0,,registrator@kustbevakningen.se,www.kustbevakningen.se,2019:84,,,,,,,,,,,,,,,,,
202100-4904,KÄRNAVFALLSFONDEN,BOX 2218,103 15,STOCKHOLM,BIRGER JARLSGATAN 16,114 34,STOCKHOLM,87000800.0,,karnavfallsfonden@kammarkollegiet.se,www.karnavfallsfonden.se,2007:1055,,,,,,,,,,,,,,,,,
202100-5315,LAGRÅDET,BOX 2066,103 12,STOCKHOLM,Birger Jarls Torg 5,111 28,STOCKHOLM,856166600.0,,lagradet@dom.se,www.lagradet.se,2003:333,,,,,,,,,,,,,,,,,
202100-4888,LANTMÄTERIET,,801 82,GÄVLE,LANTMÄTERIGATAN 2 C,802 64,GÄVLE,771636363.0,,lantmateriet@lm.se,www.lantmateriet.se,2009:946,,,,,,,,,,,,,,,,,
202100-3096,LINKÖPINGS UNIVERSITET,,581 83,LINKÖPING,MÄSTER MATTIAS VÄG 8,583 30,LINKÖPING,13281000.0,,registrator@liu.se,www.liu.se,1993:100,,,,,,,,,,,,,,,,,
202100-6271,Linnéuniversitetet,,351 95,VÄXJÖ,UNIVERSITETSPLATSEN 1,352 52,VÄXJÖ,772288000.0,,info@lnu.se,www.lnu.se,1993:100,,,,,,,,,,,,,,,,,
202100-1850,LIVSMEDELSVERKET,BOX 622,751 26,UPPSALA,DAG HAMMARSKJÖLDS VÄG 56 A,752 37,UPPSALA,18175500.0,,livsmedelsverket@slv.se,www.livsmedelsverket.se,2009:1426,,,,,,,,,,,,,,,,,
202100-6735,Lokala säkerhetsnämnden vid Forsmark,BOX 66,742 21,ÖSTHAMMAR,,000 00,ÖSTHAMMAR,,,,www.osthammar.se/sv/organisation/namnd/lokala-sakerhetsnamnden/,2007:1054,,,,,,,,,,,,,,,,,
202100-6743,Lokala säkerhetsnämnden vid Oskarshamn,BOX 706,572 28,OSKARSHAMN,,000 00,OSKARSHAMN,,,,www.oskarshamn.se/mer-om-kommunen/karnenergi-och-karnavfall/lokala-sakerhetsnamnden-vid-oskarshamns-karnkraftverk-och-karnenergiberedskap/,2007:1054,,,,,,,,,,,,,,,,,
202100-6750,Lokala säkerhetsnämnden vid Ringhals,,432 80,VARBERG,,000 00,VARBERG,,,,www.varberg.se/kommunpolitik/kommunensorganisation/lokalasakerhetsnamnden.4.12d3b98d13f7ba71e5a1edb.html,2007:1054,,,,,,,,,,,,,,,,,
202100-2841,LULEÅ TEKNISKA UNIVERSITET,,971 87,LULEÅ,UNIVERSITETSOMRÅDET PORSÖN,977 54,LULEÅ,920491000.0,,registrator@ltu.se,www.ltu.se,1993:100,,,,,,,,,,,,,,,,,
202100-3211,LUNDS UNIVERSITET,BOX 177,221 00,LUND,KYRKOGATAN 8,222 22,LUND,462220000.0,,lu@lu.se,www.lu.se,1993:100,,,,,,,,,,,,,,,,,
202100-4078,LÄKEMEDELSVERKET,BOX 26,751 03,UPPSALA,DAG HAMMARSKJÖLDS VÄG 42,752 37,UPPSALA,,,registrator@lakemedelsverket.se,www.lakemedelsverket.se,2020:57,,,,,,,,,,,,,,,,,
202100-2320,LÄNSSTYRELSEN I BLEKINGE LÄN,,371 86,KARLSKRONA,SKEPPSBROKAJEN 4,371 33,KARLSKRONA,102240000.0,,blekinge@lansstyrelsen.se,www.lansstyrelsen.se/blekinge,2017:868,,,,,,,,,,,,,,,,,
202100-2429,LÄNSSTYRELSEN I DALARNAS LÄN,,791 84,FALUN,ÅSGATAN 38,791 72,FALUN,102250000.0,,dalarna@lansstyrelsen.se,www.lansstyrelsen.se/dalarna,2017:868,,,,,,,,,,,,,,,,,
202100-2312,LÄNSSTYRELSEN I GOTLANDS LÄN,,621 85,VISBY,VISBORGSALLÉN 4,621 50,VISBY,102239000.0,,gotland@lansstyrelsen.se,www.lansstyrelsen.se/gotland,2017:868,,,,,,,,,,,,,,,,,
202100-2437,LÄNSSTYRELSEN I GÄVLEBORGS LÄN,,801 70,GÄVLE,BORGMÄSTARPLAN 2,802 66,GÄVLE,102251000.0,,gavleborg@lansstyrelsen.se,www.lansstyrelsen.se/gavleborg,2017:868,,,,,,,,,,,,,,,,,
202100-2353,LÄNSSTYRELSEN I HALLANDS LÄN,,301 86,HALMSTAD,SLOTTSGATAN 2,302 42,HALMSTAD,,,halland@lansstyrelsen.se,www.lansstyrelsen.se/halland,2017:868,,,,,,,,,,,,,,,,,
202100-2452,LÄNSSTYRELSEN I JÄMTLANDS LÄN,,831 86,ÖSTERSUND,RESIDENSGRÄND 7,831 30,ÖSTERSUND,102253000.0,,jamtland@lansstyrelsen.se,www.lansstyrelsen.se/jamtland,2017:868,,,,,,,,,,,,,,,,,
202100-2288,LÄNSSTYRELSEN I JÖNKÖPINGS LÄN,,551 86,JÖNKÖPING,HAMNGATAN 4,553 16,JÖNKÖPING,102236000.0,,jonkoping@lansstyrelsen.se,www.lansstyrelsen.se/jonkoping,2017:868,,,,,,,,,,,,,,,,,
202100-2304,LÄNSSTYRELSEN I KALMAR LÄN,,391 86,KALMAR,Regeringsgatan 1,392 31,KALMAR,102238000.0,,kalmar@lansstyrelsen.se,www.lansstyrelsen.se/kalmar,2017:868,,,,,,,,,,,,,,,,,
202100-2296,LÄNSSTYRELSEN I KRONOBERGS LÄN,,351 86,VÄXJÖ,KUNGSGATAN 8,352 33,VÄXJÖ,102237000.0,,kronoberg@lansstyrelsen.se,www.lansstyrelsen.se/kronoberg,2017:868,,,,,,,,,,,,,,,,,
202100-2478,LÄNSSTYRELSEN I NORRBOTTENS LÄN,,971 86,LULEÅ,STATIONSGATAN 5,972 38,LULEÅ,102255000.0,,Norrbotten@lansstyrelsen.se,www.lansstyrelsen.se/norrbotten,2017:868,,,,,,,,,,,,,,,,,
202100-2346,LÄNSSTYRELSEN I SKÅNE LÄN,,205 15,MALMÖ,SÖDERGATAN 5,211 34,MALMÖ,102241000.0,,skane@lansstyrelsen.se,www.lansstyrelsen.se/skane,2017:868,,,,,,,,,,,,,,,,,
202100-2247,LÄNSSTYRELSEN I STOCKHOLMS LÄN,BOX 22067,104 22,STOCKHOLM,REGERINGSGATAN 66,111 39,STOCKHOLM,102231000.0,,stockholm@lansstyrelsen.se,www.lansstyrelsen.se/stockholm,2017:868,,,,,,,,,,,,,,,,,
202100-2262,LÄNSSTYRELSEN I SÖDERMANLANDS LÄN,,611 86,NYKÖPING,STORA TORGET 13,611 32,NYKÖPING,102234000.0,,sodermanland@lansstyrelsen.se,www.lansstyrelsen.se/sodermanland,2017:868,,,,,,,,,,,,,,,,,
202100-2254,LÄNSSTYRELSEN I UPPSALA LÄN,,751 86,UPPSALA,Bäverns gränd 17,753 19,UPPSALA,102233000.0,,uppsala@lansstyrelsen.se,www.lansstyrelsen.se/uppsala,2017:868,,,,,,,,,,,,,,,,,
202100-2395,LÄNSSTYRELSEN I VÄRMLANDS LÄN,,651 86,KARLSTAD,VÅXNÄSGATAN 5,653 40,KARLSTAD,102247000.0,,varmland@lansstyrelsen.se,www.lansstyrelsen.se/varmland,2017:868,,,,,,,,,,,,,,,,,
202100-2460,LÄNSSTYRELSEN I VÄSTERBOTTENS LÄN,,901 86,UMEÅ,STORGATAN 71 B,903 30,UMEÅ,102254000.0,,vasterbotten@lansstyrelsen.se,www.lansstyrelsen.se/vasterbotten,2017:868,,,,,,,,,,,,,,,,,
202100-2445,LÄNSSTYRELSEN I VÄSTERNORRLANDS LÄN,,871 86,HÄRNÖSAND,PUMPBACKSGATAN 19,871 31,HÄRNÖSAND,611349000.0,,vasternorrland@lansstyrelsen.se,www.lansstyrelsen.se/vasternorrland,2017:868,,,,,,,,,,,,,,,,,
202100-2411,LÄNSSTYRELSEN I VÄSTMANLANDS LÄN,,721 86,VÄSTERÅS,VÄSTRA RINGVÄGEN 1,722 11,VÄSTERÅS,102249000.0,,vastmanland@lansstyrelsen.se,www.lansstyrelsen.se/vastmanland,2017:868,,,,,,,,,,,,,,,,,
202100-2361,LÄNSSTYRELSEN I VÄSTRA GÖTALANDS LÄN,,403 40,GÖTEBORG,SÖDRA HAMNGATAN 3,411 14,GÖTEBORG,102244000.0,,vastragotaland@lansstyrelsen.se,www.lansstyrelsen.se/vastragotaland,2017:868,,,,,,,,,,,,,,,,,
202100-2403,LÄNSSTYRELSEN I ÖREBRO LÄN,,701 86,ÖREBRO,ÖSTRA BANGATAN 11,703 39,ÖREBRO,102248000.0,,orebro@lansstyrelsen.se,www.lansstyrelsen.se/orebro,2017:868,,,,,,,,,,,,,,,,,
202100-2270,LÄNSSTYRELSEN I ÖSTERGÖTLANDS LÄN,,581 86,LINKÖPING,ÖSTGÖTAGATAN 3,582 32,LINKÖPING,102235000.0,,ostergotland@lansstyrelsen.se,www.lansstyrelsen.se/ostergotland,2017:868,,,,,,,,,,,,,,,,,
202100-4920,MALMÖ UNIVERSITET,,205 06,MALMÖ,NORDENSKIÖLDSGATAN 1,211 19,MALMÖ,406657000.0,,info@mau.se,www.mau.se,1993:100,,,,,,,,,,,,,,,,,
202100-6347,MEDIEMYNDIGHETEN,KABYSSGATAN 4 D,120 30,STOCKHOLM,HAMMARBYBACKEN 31,120 30,STOCKHOLM,858007000.0,,registrator@mediemyndigheten.se,www.mediemyndigheten.se,2023:844,,,,,,,,,,,,,,,,,
202100-5174,MEDLINGSINSTITUTET,BOX 1236,111 82,STOCKHOLM,Drottninggatan 89,113 60,STOCKHOLM,,,info@mi.se,www.mi.se,2007:912,,,,,,,,,,,,,,,,,
202100-2163,MIGRATIONSVERKET,,601 70,NORRKÖPING,SLOTTSGATAN 81-82,602 22,NORRKÖPING,771235235.0,,registrator@migrationsverket.se,www.migrationsverket.se,2019:502,,,,,,,,,,,,,,,,,
202100-4524,MITTUNIVERSITETET,,851 70,SUNDSVALL,HOLMGATAN 10,852 33,SUNDSVALL,101428000.0,,registrator@miun.se,www.miun.se,1993:100,,,,,,,,,,,,,,,,,
202100-5091,MODERNA MUSEET,Box 16382,103 27,STOCKHOLM,EXERCISPLAN 4  Skeppsholmen,111 49,STOCKHOLM,852023500.0,,registrator@modernamuseet.se,www.modernamuseet.se,2007:1177,,,,,,,,,,,,,,,,,
202100-6875,MYNDIGHETEN FÖR ARBETSMILJÖKUNSKAP,Norra Slottsgatan 9,803 20,GÄVLE,Norra Slottsgatan 8,803 20,GÄVLE,26148400.0,,info@mynak.se,www.mynak.se,2018:254,,,,,,,,,,,,,,,,,
202100-5588,MYNDIGHETEN FÖR DELAKTIGHET,BOX 47082,100 74,STOCKHOLM,Rosterigränd 12,117 61,STOCKHOLM,86008400.0,,info@mfd.se,www.mfd.se,2024:78,,,,,,,,,,,,,,,,,
202100-6883,MYNDIGHETEN FÖR DIGITAL FÖRVALTNING,BOX 14,851 02,SUNDSVALL,Jägargatan 1,852 37,SUNDSVALL,771114400.0,,info@digg.se,www.digg.se,2018:1486,,,,,,,,,,,,,,,,,
202100-4169,MYNDIGHETEN FÖR FAMILJERÄTT OCH FÖRÄLDRASKAPSSTÖD,BOX 35,931 21,SKELLEFTEÅ,NYGATAN 40 B,931 31,SKELLEFTEÅ,101901100.0,,info@mfof.se,www.mfof.se,2017:292,,,,,,,,,,,,,,,,,
202100-6404,Myndigheten för kulturanalys,BOX 1001,405 21,GÖTEBORG,Södra Vägen 54,412 54,GÖTEBORG,313952000.0,,info@kulturanalys.se,www.kulturanalys.se,2011:124,,,,,,,,,,,,,,,,,
202100-7014,MYNDIGHETEN FÖR PSYKOLOGISKT FÖRSVAR,VÅXNÄSGATAN 10,653 40,KARLSTAD,VÅXNÄSGATAN 10,653 40,KARLSTAD,101837000.0,,registrator@mpf.se,www.mpf.se,2021:936,,,,,,,,,,,,,,,,,
202100-5984,Myndigheten för samhällsskydd och beredskap (MSB),,651 81,KARLSTAD,PACKHUSALLÉN 2,652 12,KARLSTAD,771240240.0,,registrator@msb.se,www.msb.se,2008:1002,,,,,,,,,,,,,,,,,
202100-5141,Myndigheten för stöd till trossamfund,BOX 14038,167 14,BROMMA,GUSTAVSLUNDSVÄGEN 18,167 51,BROMMA,84536870.0,,info@myndighetensst.se,www.myndighetensst.se,2017:104,,,,,,,,,,,,,,,,,
202100-3591,Myndigheten för tillgängliga medier,BOX 51,201 20,Malmö,Hans Michelsensgatan 2,211 20,MALMÖ,406532700.0,,info@mtm.se,www.mtm.se,2010:769,,,,,,,,,,,,,,,,,
202100-6164,Myndigheten för tillväxtpolitiska utvärderingar och analyser,STUDENTPLAN 3,831 40,ÖSTERSUND,STUDENTPLAN 3,831 40,ÖSTERSUND,104474400.0,,info@tillvaxtanalys.se,www.tillvaxtanalys.se,2016:1048,,,,,,,,,,,,,,,,,
202100-7055,MYNDIGHETEN FÖR TOTALFÖRSVARSANALYS,BOX 24250,104 51,STOCKHOLM,Karlavägen 104  9 tr,115 23,STOCKHOLM,101605100.0,,registrator@mtfa.se,www.mtfa.se,2022:1768,,,,,,,,,,,,,,,,,
202100-1173,MYNDIGHETEN FÖR UNGDOMS-OCH CIVILSAMHÄLLESFRÅGOR,BOX 206,351 05,VÄXJÖ,LIEDBERGSGATAN 4,352 30,VÄXJÖ,101601000.0,,info@mucf.se,www.mucf.se,2018:1425,,,,,,,,,,,,,,,,,
202100-6412,Myndigheten för vård- och omsorgsanalys,BOX 6070,102 31,STOCKHOLM,DROTTNINGGATAN 89,113 60,STOCKHOLM,86904100.0,,registrator@vardanalys.se,www.vardanalys.se,2010:1385,,,,,,,,,,,,,,,,,
202100-6230,MYNDIGHETEN FÖR YRKESHÖGSKOLAN,BOX 145,721 05,VÄSTERÅS,INGENJÖR BÅÅTHS GATA 19,722 12,VÄSTERÅS,102090100.0,,registrator@myh.se,www.myh.se,2011:1162,,,,,,,,,,,,,,,,,
202100-2916,MÄLARDALENS UNIVERSITET,BOX 883,721 23,VÄSTERÅS,Universitetsplan 1,722 20,VÄSTERÅS,21101300.0,,registrator@mdu.se,www.mdu.se,1993:100,,,,,,,,,,,,,,,,,
202100-1108,NATIONALMUSEUM,BOX 16176,103 24,STOCKHOLM,SÖDRA BLASIEHOLMSHAMNEN 2  NATIONALMUSEIBYGGNADEN,111 48,STOCKHOLM,851954300.0,,registrator@nationalmuseum.se,www.nationalmuseum.se,2007:1175,,,,,,,,,,,,,,,,,
202100-1124,NATURHISTORISKA RIKSMUSEET,BOX 50007,104 05,STOCKHOLM,FRESCATIVÄGEN 40,114 18,STOCKHOLM,851954000.0,,registrator@nrm.se,www.nrm.se,2007:1176,,,,,,,,,,,,,,,,,
202100-1975,NATURVÅRDSVERKET,,106 48,STOCKHOLM,VIRKESVÄGEN 2,120 30,STOCKHOLM,106981000.0,,registrator@naturvardsverket.se,www.naturvardsverket.se,2012:989,,,,,,,,,,,,,,,,,
202100-2726,NORDISKA AFRIKAINSTITUTET,BOX 1703,751 47,UPPSALA,VILLAVÄGEN 6,752 36,UPPSALA,184715200.0,,nai@nai.uu.se,www.nai.uu.se,2021:371,,,,,,,,,,,,,,,,,
202100-6032,Notarienämnden,Box 2203,550 02,JÖNKÖPING,,000 00,JÖNKÖPING,36156800.0,,notarienamnden@dom.se,www.domstol.se/Om-Sveriges-Domstolar/Notarienamnden,2007:1076,,,,,,,,,,,,,,,,,
202100-4144,NÄMNDEN FÖR HEMSLÖJDSFRÅGOR,BOX 4006,102 61,STOCKHOLM,Västgötagatan 5,118 27,STOCKHOLM,86819353.0,,nfh@nfh.se,www.nfh.se,2007:1193,,,,,,,,,,,,,,,,,
202100-6933,Nämnden för prövning av oredlighet i forskning,BOX 2110,750 02,UPPSALA,Dag Hammarskjölds väg 7,752 37,UPPSALA,104573320.0,,registrator@npof.se,https://npof.se,2019:1152,,,,,,,,,,,,,,,,,
202100-5786,NÄMNDEN FÖR STYRELSEREPRESENTATIONSFRÅGOR,,103 33,STOCKHOLM,,000 00,STOCKHOLM,84051000.0,,,www.regeringen.se/myndigheter-med-flera/namnden-for-styrelserepresentationsfragor,2007:909,,,,,,,,,,,,,,,,,
202100-6206,Nämnden mot Diskriminering,BOX 2066,103 12,STOCKHOLM,,000 00,STOCKHOLM,856166668.0,,kansliet@namndenmotdiskriminering.se,www.namndenmotdiskriminering.se,2008:1328,,,,,,,,,,,,,,,,,
202100-6776,Oljekrisnämnden,,103 33,STOCKHOLM,,000 00,STOCKHOLM,,,info@oljekrisnamnden.se,www.regeringen.se/myndigheter-med-flera/oljekrisnamnden,2007:1152,,,,,,,,,,,,,,,,,
202100-2072,PATENT- OCH REGISTRERINGSVERKET,BOX 5055,102 42,STOCKHOLM,VALHALLAVÄGEN 136,114 41,STOCKHOLM,87822800.0,,prv@prv.se,www.prv.se,2007:1111,,,,,,,,,,,,,,,,,
202100-6370,PATENTOMBUDSNÄMNDEN,BOX 46,851 02,SUNDSVALL,,,,771670670.0,,patentombudsnamnden@patentombudsnamnden.se,www.bolagsverket.se/om/oss/fler/patentombud,2010:1054,,,,,,,,,,,,,,,,,
202100-6255,PENSIONSMYNDIGHETEN,BOX 38190,100 64,STOCKHOLM,HORNSGATAN 168,117 28,STOCKHOLM,771771771.0,,registrator@pensionsmyndigheten.se,www.pensionsmyndigheten.se,2009:1175,,,,,,,,,,,,,,,,,
202100-4060,POLARFORSKNINGSSEKRETARIATET,,971 87,LULEÅ,VINTERGATAN 2,977 54,LULEÅ,705502393.0,,office@polar.se,www.polar.se,2007:1072,,,,,,,,,,,,,,,,,
202100-0076,POLISMYNDIGHETEN,BOX 12256,102 26,STOCKHOLM,POLHEMSGATAN 30,112 30,STOCKHOLM,11414.0,,registrator.kansli@polisen.se,www.polisen.se,2022:1718,,,,,,,,,,,,,,,,,
202100-4359,POST- OCH TELESTYRELSEN,BOX 6101,102 32,STOCKHOLM,HÄLSINGEGATAN 38,113 43,STOCKHOLM,,,pts@pts.se,www.pts.se,2007:951,,,,,,,,,,,,,,,,,
202100-3831,REGERINGSKANSLIET,,103 33,STOCKHOLM,ROSENBAD 4,111 52,STOCKHOLM,84051000.0,,forvaltningsavdelningen.registrator@regeringskansliet.se,www.regeringen.se,1996:1515,,,,,,,,,,,,,,,,,
202100-4805,REVISORSINSPEKTIONEN,BOX 24014,104 50,STOCKHOLM,KARLAVÄGEN 104,115 26,STOCKHOLM,87384600.0,,ri@revisorsinspektionen.se,www.revisorsinspektionen.se,2007:1077,,,,,,,,,,,,,,,,,
202100-1090,RIKSANTIKVARIEÄMBETET,BOX 1114,621 22,VISBY,STORGATAN 41,114 55,STOCKHOLM,851918000.0,,registrator@raa.se,www.raa.se,2014:1585,,,,,,,,,,,,,,,,,
202100-1074,RIKSARKIVET,BOX 7223,187 13,TÄBY,Fyrverkarbacken 13,112 60,STOCKHOLM,104767000.0,,riksarkivet@riksarkivet.se,www.riksarkivet.se,2009:1593,,,,,,,,,,,,,,,,,
202100-2635,RIKSGÄLDSKONTORET,,103 74,STOCKHOLM,Olof Palmes gata 17,111 22,STOCKHOLM,86134500.0,,riksgalden@riksgalden.se,www.riksgalden.se,2023:909,,,,,,,,,,,,,,,,,
202100-6784,Riksvärderingsnämnden,,103 33,STOCKHOLM,,000 00,STOCKHOLM,,,,,2007:859,,,,,,,,,,,,,,,,,
202100-2585,RYMDSTYRELSEN,BOX 4006,171 04,SOLNA,Hemvärnsgatan 9,171 54,SOLNA,840907700.0,,rymdstyrelsen@snsa.se,www.rymdstyrelsen.se,2007:1115,,,,,,,,,,,,,,,,,
202100-6008,Rättshjälpnämnden,Box 170,851 03,SUNDSVALL,Södra Tjärngatan 2,852 33,SUNDSVALL,60186891.0,,rattshjalpsnamnden@dom.se,www.domstol.se/rattshjalpsnamnden,2007:1079,,,,,,,,,,,,,,,,,
202100-6016,Rättshjälpsmyndigheten,Box 853,851 24,SUNDSVALL,Storgatan 39,852 33,SUNDSVALL,60134600.0,,rattshjalpsmyndigheten@dom.se,www.rattshjalp.se,2007:1078,,,,,,,,,,,,,,,,,
202100-4227,RÄTTSMEDICINALVERKET,BOX 206,101 24,STOCKHOLM,Västra Järnvägsgatan 3  Plan 5,111 64,STOCKHOLM,104834100.0,,rmv@rmv.se,www.rmv.se,2007:976,,,,,,,,,,,,,,,,,
202100-4631,SAMESKOLSTYRELSEN,BOX 155,962 24,JOKKMOKK,LÄRARGATAN 2,962 31,JOKKMOKK,97144200.0,,sameskolstyrelsen@sameskolstyrelsen.se,www.sameskolstyrelsen.se,2011:131,,,,,,,,,,,,,,,,,
202100-4573,SAMETINGET,BOX 90,981 22,KIRUNA,Adolf Hedinsvägen 58,981 33,KIRUNA,98078030.0,,kansli@sametinget.se,www.sametinget.se,2009:1395,,,,,,,,,,,,,,,,,
202100-4789,Sida,BOX 2025,174 02,SUNDBYBERG,Rissneleden 110,174 57,SUNDBYBERG,86985000.0,,sida@sida.se,www.sida.se,2025:269,,,,,,,,,,,,,,,,,
202100-5901,Skatterättsnämnden,Box 24144,104 51,STOCKHOLM,Karlavägen 108,115 26,STOCKHOLM,105747957.0,,kansliet@skatterattsnamnden.se,www.skatterattsnamnden.se,2007:785,,,,,,,,,,,,,,,,,
202100-5448,SKATTEVERKET,,205 30,MALMÖ,STUREGATAN 4,172 31,SUNDBYBERG,771567567.0,,registrator@skatteverket.se,www.skatteverket.se,2017:154,,,,,,,,,,,,,,,,,
202100-5869,Skiljenämnden i vissa trygghetsfrågor,Box 2218,103 15,STOCKHOLM,,000 00,STOCKHOLM,87000800.0,,registratur@kammarkollegiet.se,www.kammarkollegiet.se/kammarkollegiet/vi-arbetar-ocksa-med/naemndmyndigheter/skiljenaemnden-i-vissa-trygghetsfragor,2007:830,,,,,,,,,,,,,,,,,
202100-5612,SKOGSSTYRELSEN,,551 83,JÖNKÖPING,SKEPPSBROGATAN 2,553 29,JÖNKÖPING,36359300.0,,skogsstyrelsen@skogsstyrelsen.se,www.skogsstyrelsen.se,2009:1393,,,,,,,,,,,,,,,,,
202100-6602,SKOLFORSKNINGSINSTITUTET,BOX 17178,104 62,STOCKHOLM,Västgötagatan 5,118 27,STOCKHOLM,852729800.0,,info@skolfi.se,www.skolfi.se,2014:1578,,,,,,,,,,,,,,,,,
202100-5729,SKOLVÄSENDETS ÖVERKLAGANDENÄMND,BOX 23069,104 35,STOCKHOLM,Sveavägen 159,113 46,STOCKHOLM,87297760.0,,overklagandenamnden@overklagandenamnden.se,www.overklagandenamnden.se,2007:948,,,,,,,,,,,,,,,,,
202100-0555,SOCIALSTYRELSEN,,106 30,STOCKHOLM,RÅLAMBSVÄGEN 3,112 59,STOCKHOLM,752473000.0,,socialstyrelsen@socialstyrelsen.se,www.socialstyrelsen.se,2015:284,,,,,,,,,,,,,,,,,
202100-5745,SPECIALPEDAGOGISKA SKOLMYNDIGHETEN,BOX 1100,871 29,HÄRNÖSAND,NYBROGATAN 14 C,871 31,HÄRNÖSAND,104735000.0,,spsm@spsm.se,www.spsm.se,2011:130,,,,,,,,,,,,,,,,,
202100-3310,SPELINSPEKTIONEN,BOX 199,645 23,STRÄNGNÄS,FINNINGEVÄGEN 54 B,645 42,STRÄNGNÄS,152650100.0,,registrator@spelinspektionen.se,www.lotteriinspektionen.se,2018:1476,,,,,,,,,,,,,,,,,
202100-5836,Statens ansvarsnämnd,Box 2290,103 17,STOCKHOLM,Birger Jarls torg 16  Riddarholmen,111 28,STOCKHOLM,856167131.0,,ansvarsnamnden@dom.se,www.statensansvarsnamnd.se,2007:831,,,,,,,,,,,,,,,,,
202100-4417,STATENS BEREDNING FÖR MEDICINSK OCH SOCIAL UTVÄRDERING,BOX 6183,102 33,STOCKHOLM,SANKT ERIKSGATAN 117,113 43,STOCKHOLM,84123200.0,,registrator@sbu.se,www.sbu.se,2007:1233,,,,,,,,,,,,,,,,,
202100-3427,Statens centrum för arkitektur och design,BOX 16410,103 27,STOCKHOLM,EXERCISPLAN 4,111 49,STOCKHOLM,852023500.0,,info@arkdes.se,www.arkdes.se,2013:71,,,,,,,,,,,,,,,,,
202100-5000,STATENS ENERGIMYNDIGHET,BOX 310,631 04,ESKILSTUNA,GREDBYVÄGEN 10,632 21,ESKILSTUNA,165442000.0,,registrator@energimyndigheten.se,www.energimyndigheten.se,2025:784,,,,,,,,,,,,,,,,,
202100-4474,STATENS FASTIGHETSVERK,BOX 2263,103 16,STOCKHOLM,SANKT PAULSGATAN 6,118 46,STOCKHOLM,104787000.0,,sfv@sfv.se,www.sfv.se,2007:757,,,,,,,,,,,,,,,,,
202100-0464,STATENS FÖRSVARSHISTORISKA MUSEER,BOX 14095,104 41,STOCKHOLM,RIDDARGATAN 13,114 51,STOCKHOLM,851956310.0,,info@sfhm.se,www.sfhm.se,2007:1178,,,,,,,,,,,,,,,,,
202100-0712,STATENS GEOTEKNISKA INSTITUT,,581 93,LINKÖPING,OLAUS MAGNUS VÄG 35,583 30,LINKÖPING,13201800.0,,sgi@sgi.se,www.swedgeo.se,2009:945,,,,,,,,,,,,,,,,,
202100-3260,STATENS HAVERIKOMMISSION,BOX 6014,102 31,STOCKHOLM,SVEAVÄGEN 151  6 TR.,113 46,STOCKHOLM,850886200.0,,info@shk.se,www.shk.se,2007:860,,,,,,,,,,,,,,,,,
202100-4953,STATENS HISTORISKA MUSEER,BOX 5428,114 84,STOCKHOLM,Storgatan 41,114 55,STOCKHOLM,851955600.0,,registrator@shm.se,www.shm.se,2014:1079,,,,,,,,,,,,,,,,,
202100-6214,Statens inspektion för försvarsunderrättelseverksamheten (SIUN),Box 1140,164 22,KISTA,GULLFOSSGATAN 6,164 40,KISTA,855504550.0,,registrator@siun.se,www.siun.se,2009:969,,,,,,,,,,,,,,,,,
202100-4508,STATENS INSTITUTIONSSTYRELSE,BOX 1062,171 22,SOLNA,SVETSARVÄGEN 10,171 41,SOLNA,104534000.0,,registrator@stat-inst.se,www.stat-inst.se,2007:1132,,,,,,,,,,,,,,,,,
202100-4151,STATENS JORDBRUKSVERK,,551 82,JÖNKÖPING,Skeppsbrogatan 2,553 29,JÖNKÖPING,36155000.0,,jordbruksverket@jordbruksverket.se,www.jordbruksverket.se,2009:1464,,,,,,,,,,,,,,,,,
202100-1033,STATENS KONSTRÅD,SVENSKSUNDSVÄGEN 11 A,111 49,STOCKHOLM,SVENSKSUNDSVÄGEN 11 A,111 49,STOCKHOLM,84401280.0,,registrator@statenskonstrad.se,www.statenskonstrad.se,2007:1188,,,,,,,,,,,,,,,,,
202100-1280,STATENS KULTURRÅD,BOX 27215,102 53,STOCKHOLM,BORGVÄGEN 1-5,115 53,STOCKHOLM,851926400.0,,kulturradet@kulturradet.se,www.kulturradet.se,2012:515,,,,,,,,,,,,,,,,,
202100-1132,STATENS MARITIMA OCH TRANSPORTHISTORISKA MUSEER,BOX 48,371 21,KARLSKRONA,Bastionsgatan 5,371 32,KARLSKRONA,455359300.0,,registrator@smtm.se,www.smtm.se,2007:1198,,,,,,,,,,,,,,,,,
202100-5075,STATENS MUSEER FÖR VÄRLDSKULTUR,BOX 5306,402 27,GÖTEBORG,Södra Vägen 54,412 54,GÖTEBORG,104561200.0,,registrator@varldskulturmuseerna.se,www.varldskulturmuseerna.se,2007:1185,,,,,,,,,,,,,,,,,
202100-3666,STATENS MUSIKVERK,BOX 16326,103 26,STOCKHOLM,SIBYLLEGATAN 2,114 51,STOCKHOLM,851955450.0,,registrator@musikverket.se,www.musikverket.se,2010:1922,,,,,,,,,,,,,,,,,
202100-5778,STATENS NÄMND FÖR ARBETSTAGARES UPPFINNINGAR,,103 33,STOCKHOLM,,000 00,STOCKHOLM,84051000.0,,,www.regeringen.se/myndigheter-med-flera/statens-namnd-for-arbetstagares-uppfinningar2/,2007:908,,,,,,,,,,,,,,,,,
202100-6453,Statens servicecenter,FE 15,801 71,GÄVLE,RUDDAMMSGATAN 30,803 20,GÄVLE,771456000.0,,registrator@statenssc.se,www.statenssc.se,2012:208,,,,,,,,,,,,,,,,,
202100-5828,Statens skaderegleringsnämnd,Box 2218,103 15,STOCKHOLM,,000 00,STOCKHOLM,87000800.0,,,http://www.kammarkollegiet.se/n-mndmyndigheter/skaderegleringsn-mnden,2007:826,,,,,,,,,,,,,,,,,
202100-6065,Statens skolinspektion,BOX 23069,104 35,STOCKHOLM,Sveavägen 159  6tr,113 46,STOCKHOLM,858608000.0,,skolinspektionen@skolinspektionen.se,www.skolinspektionen.se,2011:556,,,,,,,,,,,,,,,,,
202100-4185,STATENS SKOLVERK,Box 4002,171 04,SOLNA,Svetsarvägen 16,171 41,SOLNA,852733200.0,,registrator@skolverket.se,www.skolverket.se,2015:1047,,,,,,,,,,,,,,,,,
202100-5851,Statens tjänstepensions- och grupplivnämnd,,851 90,SUNDSVALL,Jägargatan 1,852 37,SUNDSVALL,20650065.0,,kundservice@spv.se,www.spv.se,2007:833,,,,,,,,,,,,,,,,,
202100-0928,STATENS TJÄNSTEPENSIONSVERK,,851 90,SUNDSVALL,JÄGARGATAN 1,852 37,SUNDSVALL,,,kundservice@spv.se,www.spv.se,2007:832,,,,,,,,,,,,,,,,,
202100-1868,STATENS VETERINÄRMEDICINSKA ANSTALT,,751 89,UPPSALA,ULLS VÄG 2,756 51,UPPSALA,18674000.0,,sva@sva.se,www.sva.se,2009:1394,,,,,,,,,,,,,,,,,
202100-0704,STATENS VÄG- OCH TRANSPORTFORSKNINGSINSTITUT,,581 95,LINKÖPING,OLAUS MAGNUS VÄG 35,583 30,LINKÖPING,13204000.0,,vti@vti.se,www.vti.se,2007:964,,,,,,,,,,,,,,,,,
202100-4763,Statens överklagandenämnd,BOX 2218,103 15,STOCKHOLM,,,,87000800.0,,registratur@kammarkollegiet.se,www.kammarkollegiet.se/namndmyndigheter/statens-overklagandenamnd/om-namnden,2007:835,,,,,,,,,,,,,,,,,
202100-0837,STATISTISKA CENTRALBYRÅN,,701 89,ÖREBRO,ÅKULLEGATAN 14,703 63,ÖREBRO,104794000.0,,scb@scb.se,www.scb.se,2016:822,,,,,,,,,,,,,,,,,
202100-0852,STATSKONTORET,BOX 396,101 27,STOCKHOLM,Torsgatan 11,111 23,STOCKHOLM,84544600.0,,registrator@statskontoret.se,www.statskontoret.se,2025:681,,,,,,,,,,,,,,,,,
202100-6560,Stockholms konstnärliga högskola,BOX 24045,104 50,STOCKHOLM,VALHALLAVÄGEN 189,115 53,STOCKHOLM,849400000.0,,registrator@uniarts.se,www.uniarts.se,1993:100,,,,,,,,,,,,,,,,,
202100-3062,STOCKHOLMS UNIVERSITET,,106 91,STOCKHOLM,UNIVERSITETSVÄGEN 10 A,114 18,STOCKHOLM,8162000.0,,registrator@su.se,www.su.se,1993:100,,,,,,,,,,,,,,,,,
202100-5737,STRÅLSÄKERHETSMYNDIGHETEN,,171 16,STOCKHOLM,SOLNA STRANDVÄG 96,171 54,SOLNA,,,registrator@ssm.se,www.stralsakerhetsmyndigheten.se,2008:452,,,,,,,,,,,,,,,,,
202100-3815,STYRELSEN FÖR ACKREDITERING OCH TEKNISK KONTROLL,BOX 878,501 15,BORÅS,ÖSTERLÅNGGATAN 9,503 31,BORÅS,771990900.0,,registrator@swedac.se,www.swedac.se,2021:1252,,,,,,,,,,,,,,,,,
202100-6800,Styrelsen För Samefonden,BOX 90,981 22,KIRUNA,Adolf Hedinsvägen 58,981 33,KIRUNA,,,samefonden@sametinget.se,www.sametinget.se/samefonden,1993:384,,,,,,,,,,,,,,,,,
202100-5224,SVENSKA ESF-RÅDET,BOX 397,801 05,GÄVLE,DROTTNINGGATAN 9  3TR,803 20,GÄVLE,20333390.0,,esf@esf.se,www.esf.se,2007:907,,,,,,,,,,,,,,,,,
202100-6818,Svenska FAO-kommittén,,103 33,STOCKHOLM,,000 00,STOCKHOLM,84051000.0,,alexander.bang.bergstrom@regeringskansliet.se,www.svenskafaokommitten.se,1995:1100,,,,,,,,,,,,,,,,,
202100-4961,SVENSKA INSTITUTET,BOX 9,121 21,JOHANNESHOV,Virkesvägen 2,120 30,STOCKHOLM,84537800.0,,si@si.se,www.si.se,2015:152,,,,,,,,,,,,,,,,,
202100-5331,Svenska institutet för europapolitiska studier,Box 55,101 21,STOCKHOLM,Torsgatan 11,111 23,STOCKHOLM,858644700.0,,info@sieps.se,www.sieps.se,2008:748,,,,,,,,,,,,,,,,,
202100-3583,SVERIGES FÖRFATTARFOND,BOX 6243,102 34,STOCKHOLM,SVEAVÄGEN 82  2TR,113 59,STOCKHOLM,84404550.0,,svff@svff.se,www.svff.se,1962:652,,,,,,,,,,,,,,,,,
202100-2528,SVERIGES GEOLOGISKA UNDERSÖKNING,BOX 670,751 28,UPPSALA,Dragarbrunnsgatan 77,753 19,UPPSALA,18179000.0,,sgu@sgu.se,www.sgu.se,2008:1233,,,,,,,,,,,,,,,,,
202100-2817,SVERIGES LANTBRUKSUNIVERSITET,BOX 7070,750 07,UPPSALA,Almas Allé 8  Ulls hus,756 51,UPPSALA,18671000.0,,registrator@slu.se,www.slu.se,1993:221,,,,,,,,,,,,,,,,,
202100-0696,SVERIGES METEOROLOGISKA OCH HYDROLOGISKA INSTITUT,,601 76,NORRKÖPING,FOLKBORGSVÄGEN 17,603 82,NORRKÖPING,114958000.0,,smhi@smhi.se,www.smhi.se,2009:974,,,,,,,,,,,,,,,,,
202100-5703,Säkerhets- och integritetsskyddsnämnden,BOX 22523,104 22,STOCKHOLM,Drottninggatan 89,113 60,STOCKHOLM,106179800.0,,sakint@sakint.se,www.sakint.se,2007:1141,,,,,,,,,,,,,,,,,
202100-6594,SÄKERHETSPOLISEN,BOX 12312,102 28,STOCKHOLM,Bolstomtavägen 2,171 69,SOLNA,105687000.0,,sakerhetspolisen@sakerhetspolisen.se,www.sakerhetspolisen.se,2022:1719,,,,,,,,,,,,,,,,,
202100-4896,SÖDERTÖRNS HÖGSKOLA,,141 89,HUDDINGE,ALFRED NOBELS ALLÉ 7,141 52,HUDDINGE,86084000.0,,registrator@sh.se,www.sh.se,1993:100,,,,,,,,,,,,,,,,,
202100-5364,"Tandvårds-och läkemedelsförmånsverket, TLV",BOX 22520,104 22,STOCKHOLM,FLEMINGGATAN 14,112 26,STOCKHOLM,856842050.0,,registrator@tlv.se,www.tlv.se,2007:1206,,,,,,,,,,,,,,,,,
202100-6149,TILLVÄXTVERKET,BOX 4044,102 61,STOCKHOLM,VÄSTGÖTAGATAN 5,118 27,STOCKHOLM,86819100.0,,tillvaxtverket@tillvaxtverket.se,www.tillvaxtverket.se,2009:145,,,,,,,,,,,,,,,,,
202100-5182,"TOTALFÖRSVARETS FORSKNINGSINSTITUT, FOI",,164 90,Stockholm,GULLFOSSGATAN 6,164 40,KISTA,855503000.0,,registrator@foi.se,www.foi.se,2024:1230,,,,,,,,,,,,,,,,,
202100-4771,Totalförsvarets plikt- och prövningsverk,Box 31,651 02,KARLSTAD,Gustaf Anders Gata 13,653 40,KARLSTAD,771244030.0,,registrator@pliktverket.se,www.pliktverket.se,2010:1472,,,,,,,,,,,,,,,,,
202100-6305,Trafikanalys,ROSENLUNDSGATAN 54,118 63,STOCKHOLM,ROSENLUNDSGATAN 54,118 63,STOCKHOLM,104144200.0,,trafikanalys@trafa.se,www.trafa.se,2010:186,,,,,,,,,,,,,,,,,
202100-6297,Trafikverket,,781 89,BORLÄNGE,RÖDA VÄGEN 1,781 70,BORLÄNGE,771921921.0,,trafikverket@trafikverket.se,www.trafikverket.se,2010:185,,,,,,,,,,,,,,,,,
202100-6099,Transportstyrelsen,,601 73,NORRKÖPING,OLAI KYRKOGATA 35,602 32,NORRKÖPING,771503503.0,,kontakt@transportstyrelsen.se,www.transportstyrelsen.se,2008:1300,,,,,,,,,,,,,,,,,
202100-0969,TULLVERKET,BOX 27311,102 54,STOCKHOLM,TEGELUDDSVÄGEN 100,115 28,STOCKHOLM,771520520.0,,tullverket@tullverket.se,www.tullverket.se,2016:1332,,,,,,,,,,,,,,,,,
202100-2874,UMEÅ UNIVERSITET,,901 87,UMEÅ,Universitetstorget 4  Samverkanshuset,907 36,UMEÅ,907865000.0,,registrator@umu.se,www.umu.se,1993:100,,,,,,,,,,,,,,,,,
202100-6487,Universitets- och högskolerådet,BOX 4030,171 04,SOLNA,SOLNA STRANDVÄG 132 B,171 54,SOLNA,104700300.0,,registrator@uhr.se,www.uhr.se,2012:811,,,,,,,,,,,,,,,,,
202100-6495,Universitetskanslersämbetet,Box 6024,121 06,JOHANNESHOV,Hammarbybacken 31,121 45,JOHANNESHOV,,,registrator@uka.se,www.uka.se,2012:810,,,,,,,,,,,,,,,,,
202100-6610,UPPHANDLINGSMYNDIGHETEN,Box 1194,171 23,SOLNA,Svetsarvägen 10,171 41,SOLNA,858621700.0,,registrator@uhmynd.se,www.upphandlingsmyndigheten.se,2015:527,,,,,,,,,,,,,,,,,
202100-2932,UPPSALA UNIVERSITET,BOX 256,751 05,UPPSALA,DAG HAMMARSKJÖLDS VÄG 7,752 37,UPPSALA,184710000.0,,registrator@uu.se,www.uu.se,1993:100,,,,,,,,,,,,,,,,,
202100-7071,UTBETALNINGSMYNDIGHETEN,KABYSSGATAN 4 D,120 30,STOCKHOLM,Hammarbybacken 31,120 30,STOCKHOLM,101751240.0,,registrator@ubm.se,www.ubm.se,2023:461,,,,,,,,,,,,,,,,,
202100-6826,Utrikesförvaltningens antagningsnämnd,,103 33,STOCKHOLM,,000 00,STOCKHOLM,,,,,1991:360,,,,,,,,,,,,,,,,,
202100-5281,VALMYNDIGHETEN,BOX 1010,171 21,SOLNA,,,,105757000.0,,registrator@val.se,www.val.se,2007:977,,,,,,,,,,,,,,,,,
202100-5216,VERKET FÖR INNOVATIONSSYSTEM,,101 58,STOCKHOLM,MÄSTER SAMUELSGATAN 56,101 58,STOCKHOLM,84733000.0,,vinnova@vinnova.se,www.vinnova.se,2009:1101,,,,,,,,,,,,,,,,,
202100-5208,VETENSKAPSRÅDET,BOX 1035,101 38,STOCKHOLM,HANTVERKARGATAN 11 B,112 21,STOCKHOLM,854644000.0,,registrator@vr.se,www.vr.se,2009:975,,,,,,,,,,,,,,,,,
202100-0084,ÅKLAGARMYNDIGHETEN,BOX 5553,114 85,STOCKHOLM,ÖSTERMALMSGATAN 87 c 3 tr,114 59,STOCKHOLM,105625000.0,,registrator@aklagare.se,www.aklagare.se,2015:743,,,,,,,,,,,,,,,,,
202100-2924,ÖREBRO UNIVERSITET,,701 82,ÖREBRO,FAKULTETSGATAN 1,702 81,ÖREBRO,19303000.0,,registrator@oru.se,www.oru.se,1993:100,,,,,,,,,,,,,,,,,
202100-5463,ÖVERKLAGANDENÄMNDEN FÖR ETIKPRÖVNING,BOX 1035,101 38,STOCKHOLM,,,,854677610.0,,kansli@onep.se,www.onep.se,2007:1068,,,,,,,,,,,,,,,,,
202100-4375,ÖVERKLAGANDENÄMNDEN FÖR HÖGSKOLAN,BOX 6028,121 06,JOHANNESHOV,,,,856308700.0,,onh@onh.se,www.onh.se,2007:991,,,,,,,,,,,,,,,,,
202100-6024,Överklagandenämnden för nämndemannauppdrag,Box 714,851 21,SUNDSVALL,Södra Tjärngatan 2,852 33,SUNDSVALL,60186600.0,,overklagandenamnden@dom.se,www.kammarrattenisundsvall.se,2007:1081,,,,,,,,,,,,,,,,,
202100-5273,ÖVERKLAGANDENÄMNDEN FÖR STUDIESTÖD,BOX 110,871 23,HÄRNÖSAND,BACKGRÄND 9,871 32,HÄRNÖSAND,611347500.0,,registrator@oks.se,www.oks.se,2007:1348,,,,,,,,,,,,,,,,,
,,,,,,,,,,,,,,,,,,,,,,,,,,,,,
,Sveriges ambassad Kabul,,,,,,,+93 20 210 49 12,,ambassaden.kabul@gov.se,www.swedenabroad.se/sv/utlandsmyndigheter/afghanistan-kabul,,Afghanistan,Torkel Stiernlöf,Embassy of Sweden,"MoI-Street, opposite the MoI",Shar-e Naw,"Kabul, Afghanistan",,,,Sveriges Ambassad,"MoI-Street, opposite the MoI",Shar-e Naw,"Kabul, Afghanistan",,,,
,Sveriges ambassad Tirana,,,,,,,+335 4 238 06 50,,ambassaden.tirana@gov.se,www.swedenabroad.se/sv/utlandsmyndigheter/albanien-tirana,,Albanien,Elsa Håstad,Sveriges ambassad,56 Rruga Pjeter Budi,1000 Tirana,Albanien,,,,Sveriges ambassad,"Rruga Pjeter Budi, 56",Tirana,Albanien,,,,
,Sveriges ambassad Alger,,,,,,,+213 (21) 54 83 33,+213 (21) 54 83 34,ambassaden.alger@gov.se,www.swedenabroad.se/sv/utlandsmyndigheter/algeriet-alger,,Algeriet,Björn Häggmark,Ambassade de Suède,B.P. 263,160 35 Hydra-Alger,Algeriet,,,,Sveriges Ambassad,Rue Olof Palme,Hydra Alger,,,,,
,Sveriges ambassad Luanda,,,,,,,+244 222 447522,,ambassaden.luanda@gov.se,www.swedenabroad.se/sv/utlandsmyndigheter/angola-luanda,,Angola,Ewa Polano,Embassy of Sweden,C.P. 1130,Luanda,Angola,,,,Rua Garcia Neto nº 9,Miramar,Luanda,,,,,
,Sveriges ambassad Buenos Aires,,,,,,,+54 (11) 4319 5100,+54 (11) 4319 5199,ambassaden.buenos-aires@gov.se,www.swedenabroad.se/sv/utlandsmyndigheter/argentina-buenos-aires,,Argentina,Anders Carlsson,Embajada de Suecia,"Olga Cossettini 731, 2do. Piso",C1107CDA,Ciudad Autónoma de Buenos Aires,Argentina,,,Sveriges Ambassad,"Olga Cossettini 731, 2do. piso.",Buenos Aires,Argentina,,,,
,Sveriges ambassad Jerevan,,,,,,,+374(0)95959501,,ambassaden.jerevan@gov.se,www.swedenabroad.se/sv/utlandsmyndigheter/armenien-jerevan,,Armenien,Patrik Svensson,Yerevan Plaza Business Centre,9 Grigor Lusavorich Street,Yerevan 0015,Armenia,,,,Yerevan Plaza Business Centre,9 Grigor Lusavorich Street,Yerevan 0015,Armenia,,,,
,Sveriges ambassad Canberra,,,,,,,+61 (2) 62 70 27 00,+61 (2) 62 70 27 55,ambassaden.canberra@gov.se,www.swedenabroad.se/sv/utlandsmyndigheter/australien-canberra,,Australien,Henrik Cederin,Embassy of Sweden,Yarralumla ACT 2600,Canberra,Australien,,,,Sveriges Ambassad,5 Turrana Street,Yarralumla,Canberra,,,,
,Sveriges Ambassad Baku,,,,,,,+994 (0)12 505 25 76,+994 (0)12 505 25 67,ambassaden.baku@gov.se,www.swedenabroad.se/sv/utlandsmyndigheter/azerbajdzjan-baku,,Azerbajdzjan,Christian Kamill,Embassy of Sweden,"69 Nizami Street, ISR Plaza",11th Floor,AZ-1005 Baku,,,,ISR Plaza 11th Floor,"69 Nizami Street, ISR Plaza",11th Floor,Baku,,,,
,Sveriges ambassad Dhaka,,,,,,,+880 (2) 556 685 00,+880 (2) 985 20 32,ambassaden.dhaka@gov.se,www.swedenabroad.se/en/embassies/bangladesh-dhaka,,Bangladesh,Alexandra Berg von Linde,The Embassy of Sweden,"Bay´s Edgewater, 6th floor",Gulshan 2,Dhaka 1212,Bangladesh,,,Sveriges Ambassad,"Bay´s Edgewater, 6th floor",Gulshan 2,Dhaka,,,,
,Sveriges ambassad Minsk,,,,,,,+375 17 329 17 00,,ambassaden.minsk@gov.se,www.swedenabroad.se/sv/utlandsmyndigheter/belarus-minsk,,Belarus,Christina Johannesson,Vulitsa Revaliutsyinaya 15,Minsk,Belarus 220030,,,,,Vulitsa Revaliutsyinaya 15,Minsk,Belarus,,,,,
,Sveriges EU-representation Bryssel,,,,,,,+32 2 289 56 11,+32 2 289 56 00,representationen.bryssel@gov.se,www.swedenabroad.se/sv/utlandsmyndigheter/europeiska-unionen,,Belgien,Lars Danielsson,Permanent Representation of Sweden to the European Union,Square de Meeûs 30,1000 Bryssel,Belgien,,,,Sveriges ständiga representation vid Europeiska unionen,Square de Meeûs 30,Bryssel,,,,,
,Sveriges generalkonsulat Bryssel,,,,,,,+32 22895800,,generalkonsulat.bryssel@gov.se,www.swedenabroad.se/sv/utlandsmyndigheter/belgien-bryssel,,Belgien,Åsa Zinfandel,Sveriges generalkonsulat i Bryssel,Square de Meeûs 30,1110 Bryssel,Belgien,,,,Square de Meeûs 30,1110 Bryssel,Belgien,,,,,
,Sveriges ambassad La Paz,,,,,,,+591 2 297 96 30,+591 2 297 96 31,ambassaden.lapaz@gov.se,www.swedenabroad.se/sv/utlandsmyndigheter/bolivia-la-paz,,Bolivia,Nicolas Weeks,Embajada de Suecia,Avenida Arce 2631 Edificio Multicine,"Piso 11, San Jorge",La Paz,Bolivia,,,Sveriges Ambassad,"Avenida Arce 2631, Edificio Multicine,",piso 11,San Jorge,La Paz,,,
,Sveriges ambassad Sarajevo,,,,,,,+387 (0)33 27 60 30,+387 (0)33 27 60 60,ambassaden.sarajevo@gov.se,www.swedenabroad.se/sv/utlandsmyndigheter/bosnien-och-hercegovina-sarajevo,,Bosnien-Hercegovina,Johanna Strömquist,Embassy of Sweden,Ferhadija 20,71000 Sarajevo,Bosnien-Hercegovina,,,,Sveriges Ambassad,Ferhadija 20,Sarajevo,,,,,
,Sveriges ambassad Brasilia,,,,,,,+55 (61) 3442 52 00,+55 (61) 3443 11 87,ambassaden.brasilia@gov.se,www.swedenabroad.com (www.suecia.org.br),,Brasilien,Johanna Brismar Skoog,Sveriges Ambassad i Brasilia,Avenida das Nações Qd.807,Lote 29,70419-900 Brasília - DF,Brasilien,,,Sveriges Ambassad i Brasilia,"Avenida das Nações,","Qd.807, lote 29",70419-900 Brasilia - DF,,,,
,Sveriges ambassad Ouagadougou,,,,,,,+226 50 49 61 70,,ambassaden.ouagadougou@gov.se,www.swedenabroad.se/sv/utlandsmyndigheter/burkina-faso-ouagadougou/,,Burkina Faso,Maria Sargren,Ambassade de Suède,11 BP 755 CMS,Ouagadougou 11,Burkina Faso,,,,Sveriges ambassad,"Avenue de l'Europe, 187",Burkina Faso,,,,,
,Svergies ambassad Santigao,,,,,,,+56 (2) 940 17 00,+56 (2) 940 17 30,ambassaden.santiago-de-chile@gov.se,www.swedenabroad.se/sv/utlandsmyndigheter/chile-santiago-de-chile,,Chile,Oscar Stenström,Embajada de Suecia,Av. Nueva Providencia 2353,Providencia,Santigao de Chile,,,,Sveriges Ambassad,"Nueva Providencia 2353, 4 Piso",Providencia,Santigao de Chile,,,,
,Sveriges ambassad Bogotá,,,,,,,+57 (1) 325 61 00,+57 (1) 314 50 25,ambassaden.bogota@gov.se,www.swedenabroad.se/sv/utlandsmyndigheter/colombia-bogotá,,Colombia,Helena Storm,Embajada de Suecia,Calle 72 No. 5-83,"piso 8, Edificio Avenida Chile",Código postal 110231,"Bogotá, D. C., Apartado Postal 52966",Colombia,,Sveriges Ambassad,Calle 72 No. 5-83,piso 8 Edificio Avenida Chile,Bogotá D.C.,,,,
,Sveriges ambassad Nicosia,,,,,,,+357 (22) 45 80 88,+357 (22) 37 45 22,ambassaden.nicosia@gov.se,www.swedenabroad.se/sv/utlandsmyndigheter/cypern-nicosia,,Cypern,Anders Hagelberg,Embassy of Sweden,P.O. Box 216 21,CY 1511 Nicosia,Cyprus,,,,Sveriges Ambassad,"9, Arch. Makarios III Avenue","Severis Building, 2nd floor",1065 Nicosia,,,,
,Sveriges ambassad Kinshasa,,,,,,,+243 99 930 11 02,,ambassaden.kinshasa@gov.se,www.swedenabroad.se/sv/utlandsmyndigheter/d.r.-kongo-kinshasa,,D.R. Kongo,Henric Råsbrant,Ambassade de Suède,"B.P. 11096, Kinshasa-Gombe",Demokratiska republikanen Kongo,,,,,"93, avenue Roi Baudouin",Kinshasa-Gombe,,,,,,
,Sveriges ambassad Köpenhamn,,,,,,,+45 (-) 33 36 03 70,+45 (-) 33 36 03 95,ambassaden.kopenhamn@gov.se,www.swedenabroad.se/sv/utlandsmyndigheter/danmark-köpenhamn,,Danmark,Charlotte Wrangber,Sveriges Ambassad,Amaliegade 5A,1256 Köpenhamn K,Danmark,,,,Sveriges Ambassad,Amaliegade 5A,1256 Köpenhamn K,Danmark,,,,
,Sveriges ambassad Kairo,,,,,,,+20 (2) 2728 92 00,+20 (2) 2735 43 57,ambassaden.kairo@gov.se,www.swedenabroad.se/sv/utlandsmyndigheter/egypten-kairo,,Egypten,Håkan Emsgård,Embassy of Sweden,"13 Mohamed Mazhar St., Zamalek",Cairo,Egypten,,,,Sveriges Ambassad,"13, Mohamed Mahzar",Kairo,,,,,
,Sveriges ambassad Tallinn,,,,,,,+372 (-) 640 5600,+372 (-) 640 5695,ambassaden.tallinn@gov.se,www.swedenabroad.se/sv/utlandsmyndigheter/estland-tallinn,,Estland,Ingrid Tersman,Embassy of Sweden,Pikk 28,15055 Tallinn,Estland,,,,Sveriges Ambassad,Pikk 28,Tallinn,,,,,
,Sveriges ambassad Addis Abeba,,,,,,,+251 (11) 518 00 00,+251 (11) 518 00 30,ambassaden.addis-abeba@gov.se,www.swedenabroad.se/sv/utlandsmyndigheter/etiopien-addis-abeba,,Etiopien,Hans Lundquist,Embassy of Sweden,P. O. Box 1142,Addis Abeba,Ethiopia,,,,Sveriges Ambassad,Lideta Sub-City,"Woreda 09, House No 891",Addis Abeba,,,,
,Sveriges ambassad Manila,,,,,,,+63 (2) 88117900,+63 (2) 88117940,ambassaden.manila@gov.se,www.swedenabroad.se/sv/utlandsmyndigheter/filippinerna-manila,,Filippinerna,Annika Thunborg,Sveriges ambassad,"11th Floor, DelRosarioLaw Centre","Bonifacio, Global City, 1630 Taguig","Metro Manila, Phillipines",,,,Sveriges ambassad,11th floor Del Rosario Law Centre,"Bonifacio, Global City, 1630 Taguig","Metro Manila, Phillipines",,,,
,Sveriges generalkonsulat Mariehamn,,,,,,,+358 18 196 24,+358 18 176 24,generalkonsulat.mariehamn@gov.se,www.swedenabroad.se/sv/utlandsmyndigheter/aland-mariehamn,,Finland,Claes Hammar,Sveriges generalkonsulat,Norragatan 44,ax22100 Mariehamn,Åland,Finland,,,Sveriges Generalkonsulat,Norragatan 44,Mariehamn,,,,,
,Sveriges ambassad Helsingfors,,,,,,,+358 9 68 77 660,+358 9 17 64 16,ambassaden.helsingfors@gov.se,www.swedenabroad.se/sv/utlandsmyndigheter/finland-helsingfors,,Finland,Nicola Clase,Sveriges Ambassad,PB 168,FIN-00131 Helsingfors,Finland,,,,Sveriges Ambassad,Norra Esplanaden 7 B,Helsingfors,,,,,
,Sveriges ambassad Paris,,,,,,,+33 (0)1 44 18 88 00,+33 (0)1 44 18 88 40,ambassaden.paris@gov.se,www.swedenabroad.se/sv/utlandsmyndigheter/frankrike-paris,,Frankrike,Håkan Åkesson,Ambassade de Suède,"17, rue Barbet-de-Jouy",75007 Paris,Frankrike,,,,Sveriges Ambassad,"17, rue Barbet-de-Jouy",75007 Paris,,,,,
,"Sveriges delegation Paris, OECD",,,,,,,+33 1 44 18 88 00,+33 1 44 18 88 10,oecd-del.paris@gov.se,www.swedenabroad.se/sv/utlandsmyndigheter/oecd-unesco/om-delegationen/delegationens-personal,,Frankrike,Anna Brandt,La délégation de la Suède auprès de l'OCDE,17 rue Barbet-de-Jouy,75007 Paris,Frankrike,,,,La délégation de la Suède auprès de l'OCDE,17 rue Barbet-de-Jouy,75007 Paris,,,,,
,Sveriges representation Europarådet Strasbourg,,,,,,,+33 3 88 24 60 50,+33 3 88 24 48 30,representationen.strasbourg@gov.se,www.swedenabroad.se/sv/utlandsmyndigheter/europarådet-strasbourg,,Frankrike,Mårten Ehnberg,The Permanent Representation of Sweden to the Council of Europé,"67, allée de la Robertsau",67000 Strasbourg,Frankrike,,,,"67, allée de la Robertsau",Strasbourg,,,,,,
,Sveriges delegation UNESCO Paris,,,,,,,+33 1 45 68 34 50,,unesco-del.paris@gov.se,www.swedenabroad.se/sv/utlandsmyndigheter/oecd-unesco/om-delegationen/delegationens-personal,,Frankrike,Anna Brandt,Déöégation de la Suède auprès de IÚNESCO,1 rue Miollis,75015 Paris,,,,,,,,,,,,
,Sveriges ambassad Abu Dhabi,,,,,,,+971 (2) 417 88 00,+971 (2) 417 88 50,ambassaden.abu-dhabi@gov.se,www.swedenabroad.se/sv/utlandsmyndigheter/förenade-arabemiraten-abu-dhabi,,Förenade arabemiraten,Liselott Andersson,Embassy of Sweden,P.O. Box 31867,Abu Dhabi,Förenade arabemiraten,,,,Sveriges Ambassad,"12th floor, Al Otaiba Tower",Sayed the 1st Street (Electra Street),crossing with 4th Street,,,,
,Sveriges ambassad Tbilisi,,,,,,,+995 32 255 03 20,+995 32 222 48 90,ambassaden.tbilisi@gov.se,www.swedenabroad.se/sv/utlandsmyndigheter/georgien-tbilisi,,Georgien,Ulrik Tideström,Embassy of Sweden,15 Turn Kipshidze Street,Vake region,0162 Tbilisi,Georgien,,,Sveriges ambassad,15 Turn Kipshidze Street,Vake region,0162 Tbilisi,Georgien,,,
,Sveriges ambassad Athen,,,,,,,+30 (210) 72 66 100,+30 (210) 72 66 150,ambassaden.athen@gov.se,www.swedenabroad.se/sv/utlandsmyndigheter/grekland-athen,,Grekland,Johan Borgstam,Embassy of Sweden,Vassileos Konstantinou 7,106 74 Athen,Grekland,,,,Sveriges Ambassad,Vassileos Konstantinou 7,Athen,,,,,
,Sveriges ambassad Guatemala,,,,,,,+502 (2) 384 7300,+502 (2) 384 7350,ambassaden.guatemala@gov.se,www.swedenabroad.se/sv/utlandsmyndigheter/guatemala-guatemala,,Guatemala,Hans Magnusson,Embajada de Suecia,"Avenida Reforma 9-55,  zona 10","Edificio Reforma 10, Nivel 11",Ciudad de Guatemala,,,,Sveriges Ambassad,"Avenida la Reforma 9-55, zona 10",Edificio Reforma 10,nivel 11,Ciudad de Guatemala,,,
,Sveriges ambassad New Delhi,,,,,,,+91 (11) 441 971 00,+91 (11) 441 971 01,ambassaden.new-delhi@gov.se,www.swedenabroad.se/sv/utlandsmyndigheter/indien-new-delhi,,Indien,Klas Molin,Embassy of Sweden,Nyaya Marg,Chanakyapuri,New Delhi 110 021,Indien,,,Sveriges Ambassad,"4-5 Nyaya Marg, Chanakyapuri",New Delhi,,,,,
,Svergies generalkonsulat Mumbai,,,,,,,+91 22 6113 2300,,consulategeneral.mumbai@gov.se,www.swedenabroad.se/sv/utlandsmyndigheter/indien-mumbai,,Indien,Anna Lekvall,Consulate General of Sweden,"3 Floor, C-53, TCG Financial Centre","G-Block, BKC, Bandra (E)",Mumbai - 400098,"Maharashtra, India",,,Consulate General of Sweden,"3 Floor, C-53, TCG Financial Centre","G-Block, BKC, Bandra (E)",Mumbai - 400098,"Maharashtra, India",,,
,Sveriges ambassad Jakarta,,,,,,,+62 (21) 25535900,,ambassaden.jakarta@gov.se,www.swedenabroad.se/en/embassies/indonesia-jakarta,,Indonesien,Marina Berg,Embassy of Sweden,"Menara Rajawali, 9th floor","Kawasan Mega Kuningan, Lot 5.1",12950 Jakarta,Indonesia,,,Sveriges Ambassad,"Menara Rajawali, 9th floor",JI. DR. Ide Anak Agung Gede Agung Lot #5.1,Kawasan Mega Kuningan,Jakarta 12950,,,
,Sveriges ambassad Bagdad,,,,,,,+964 7835418300,,ambassaden.bagdad@gov.se,www.swedenabroad.se/sv/utlandsmyndigheter/irak-bagdad,,Irak,Jonas Lovén,Embassy of Sweden,P.O. Box 55550 Baghdad Post Office,Karadat Mariam,"Bagdad, Iraq",,,,House No 21,Karadat Mariam,District 22,"Street No 8, Bagdad",,,,
,Sveriges ambassad Teheran,,,,,,,+98 21 2371 22 00,+98 21 2229 64 51,ambassaden.teheran@gov.se,www.swedenabroad.se/sv/utlandsmyndigheter/iran-teheran,,Iran,Mattias Lentz,Embassy of Sweden,P.O. Box 19575-458,Teheran,Iran,,,,Sveriges Ambassad,"27 Nastaran Str, Boostan St,",Pasdaran Ave,Teheran,,,,
,Sveriges ambassad Reykjavik,,,,,,,+354 (-) 520 12 30,+354 (-) 520 12 35,ambassaden.reykjavik@gov.se,www.swedenabroad.se/sv/utlandsmyndigheter/island-reykjavik,,Island,Pär Ahlberger,Sveriges Ambassad,P.O. Box 8136,128 Reykjavik,Island,,,,Sveriges Ambassad,Lágmúli 7,108 Reykjavik,,,,,
,Sveriges ambassad Tel Aviv,,,,,,,+972 3 718 00 00,+972 3 718 00 05,ambassaden.tel-aviv@gov.se,www.swedenabroad.se/sv/utlandsmyndigheter/israel-tel-aviv,,Israel,Erik Ullenhag,Embassy of Sweden,P.O.B. 9393,Tel Aviv 6109301,Israel,,,,Sveriges Ambassad,"Adgar 360, 24 th floor","2, Hashlosha St",Tel Aviv,Israel,,,
,Sveriges generalkonsulat Jerusalem,,,,,,,+972 2 646 58 60,,generalkonsulat.jerusalem@gov.se,www.swedenabroad.se/sv/utlandsmyndigheter/jerusalem,,Israel,Julius Liljeström,Consulate General of Sweden,P.O. Box 297,Jerusalem 91002,,,,,"5, Ibn Jubir Street",Sheikh Jarrah,Jerusalem,,,,,
,Sveriges ambassad Rom,,,,,,,+39 (-)06 44 19 41 00,+39 (-)06 44 44194760,ambassaden.rom@gov.se,www.swedenabroad.se/sv/utlandsmyndigheter/italien-rom,,Italien,Jan Björklund,Ambasciata di Svezia,Piazza Rio de Janeiro 3,00161 Rom RM,Italien,,,,Sveriges Ambassad,Piazza Rio de Janeiro 3,00161 Rom RM,Italien,,,,
,Sveriges ambassad Tokyo,,,,,,,+81 3 55 62 50 50,+81 3 55 62 90 95,ambassaden.tokyo@gov.se,www.swedenabroad.se/sv/utlandsmyndigheter/japan-tokyo,,Japan,Pereric Högberg,Embassy of Sweden,1-10-3-100 Roppongi,Minato-ku,Tokyo 106-0032,Japan,,,Sveriges Ambassad,1-10-3-100 Roppongi,Minato-ku,Tokyo 106-0032,,,,
,Sveriges ambassad Amman,,,,,,,+962 6 590 1300,+962 6 593 0179,ambassaden.amman@gov.se,www.swedenabroad.se/sv/utlandsmyndigheter/jordanien-amman,,Jordanien,Alexandra Rydmark,Embassy of Sweden,P.O. Box 830536,11183 Amman,Jordanien,,,,Sveriges Ambassad,20 Abdul Majeed Al-Adwan Street,Abdoun,Amman,,,,
,Sveriges ambassad Ottawa,,,,,,,+1 (613) 244 8200,+1 (613) 244 2277,sweden.ottawa@gov.se,www.swedenabroad.se/sv/utlandsmyndigheter/kanada-ottawa,,Kanada,Urban Ahlin,Embassy of Sweden,"377 Dalhousie Street, Suite 305","Ottawa, ON K1N 9N8",Kanada,,,,Sveriges Ambassad,"377 Dalhousie Street, Suite 305",Ottawa,,,,,
,Sveriges Ambassad Nur-Sultan,,,,,,,+7 7172 591805,,ambassaden.nur-sultan@gov.se,www.swedenabroad.se/en/embassies/kazakhstan-astana,,Kazakstan,Mats Foyer,Embassy of Sweden,Astana Tower 17th floor,12 Samal Microdistrict,010000 Nur-Sultan,Republic of Kazakhstan,,,Embassy of Sweden,Astana Tower 17th floor,12 Samal Microdistrict,010000 Nur-Sultan,Republic of Kazakhstan,,,
,Sveriges ambassad Nairobi,,,,,,,+254 20 423 40 00,+254 20 423 43 39,ambassaden.nairobi@gov.se,www.swedenabroad.se/sv/utlandsmyndigheter/kenya-nairobi,,Kenya,Caroline Vicini,Embassy of Sweden,P.O. Box 30600,00100 Nairobi,,,,,Sveriges Ambassad,United Nations Crescent,Gigiri Nairobi,,,,,
,Sveriges ambassad Peking,,,,,,,+86 (10) 8531 1800,+86 (10) 6532 5008,ambassaden.peking@gov.se,www.swedenabroad.se/sv/utlandsmyndigheter/kina-peking,,Kina,Helena Sångeland,Embassy of Sweden,3 Dongzhimenwaii Dajie,"Sanlitun, Chaoyang District",Beijing 100600,China,,,Sveriges Ambassad,3 Dongzhimenwai Dajie,"Sanlitun, Chaoyang District",Beijing,,,,
,Sveriges generalkonsulat Shanghai,,,,,,,+86-21-5359 9610,,generalkonsulat.shanghai@gov.se,www.swedenabroad.se/sv/utlandsmyndigheter/kina-shanghai,,Kina,Marie-Claire Swärd Capra,Consulate General of Sweden,"1521-1541,  Central Plaza",381 Huaihai Road (Middle),Shanghai 200020,China,,,,,,,,,,
,Sveriges generalkonsulat Hongkong,,,,,,,+85 2 2521 1212,+85 2 2596 0308,generalkonsulat.hongkong@gov.se,www.swedenabroad.se/sv/utlandsmyndigheter/hong-kong,,Kina,Per Augustsson,Consulate General of Sweden,"Room 2501, 25/F.",BEA Harbour View Centre,56 Gloucester Road,"Wanchai, Hongkong",,,Consulate General of Sweden,"Room 2501, 25/F.",BEA Harbour View Centre,56 Gloucester Road,"Wanchai, Hongkong",,,
,Sveriges ambassad Pristina,,,,,,,+381 (0) 38 245 795,+381 (0) 38 245 791,ambassaden.pristina@gov.se,www.swedenabroad.se/sv/utlandsmyndigheter/kosovo-pristina,,Kosovo,Karin Hernmarck Ahliny,Sveriges Ambassad,"Str. Perandori Justinian, No 111",Pejton,10000 Pristina,Republiken Kosovo,,,Sveriges Ambassad,"Str. Perandori Justinian, No 111",Pejton,10 000 Pristina,Republiken Kosovo,,,
,Sveriges ambassad  Zagreb,,,,,,,+385 (1) 49 25 100,+385 (1) 49 25 125,ambassaden.zagreb@gov.se,www.swedenabroad.se/sv/utlandsmyndigheter/kroatien-zagreb,,Kroatien,Diana Madunic,Embassy of Sweden,P.P. 779,10 000 Zagreb,Kroatien,,,,Sveriges Ambassad,"Strojarska 20, 24 th floor",10 000 Zagreb,,,,,
,Sveriges ambassad Havanna,,,,,,,+53 (7) 204 28 31,+53 (7) 204 11 94,ambassaden.havanna@gov.se,www.swedenabroad.se/sv/utlandsmyndigheter/kuba-havanna,,Kuba,Tomas Wiklund,Embajada de Suecia,"# 510, Calle 34","e/5a y 7a, Miramar",La Havanna,Cuba,,,Sveriges Ambassad,"# 510, Calle 34","e/5a y 7a, Miramar",La Havanna,,,,
,Sveriges ambassad Riga,,,,,,,+371 (-) 67 68 66 00,+371 (-) 67 68 66 01,ambassaden.riga@gov.se,www.swedenabroad.se/sv/utlandsmyndigheter/lettland-riga,,Lettland,Karin Höglund,Embassy of Sweden,Andreja Pumpura Street 8,LV-1010 Riga,Lettland,,,,Sveriges Ambassad,Andreja Pumpura iela 8,1010 Riga,,,,,
,Sveriges ambassad Beirut,,,,,,,+961 (0)1 951 200,,ambassaden.beirut@gov.se,www.swedenabroad.se/sv/utlandsmyndigheter/libanon--beirut,,Libanon,Ann Dismorr,Riad el Solh,P.O. Box 11-4883,Beirut,,,,,1347 Minet el Hosn,French Avenue (bredvid Beirut Souks),"French Avenue Building, 6e våningen","Down Town, Beirut",,,,
,Sveriges ambassad Monrovia,,,,,,,+231 770 1738 01,,www.swedenabroad.se/sv/utlandsmyndigheter/liberia-monrovia,www.swedenabroad.se/Monrovia,,Liberia,Urban Sjöström,Embassy of Sweden,LCL Compound,12th St Sinkor,Oceanfront,"Monrovia, Liberia",,,LCL Compound,12th St Sinkor,Oceanfront,Monrovia,,,,
,Sveriges ambassad Vilnius,,,,,,,+370 (5) 268 50 10,+370 (5) 268 50 30,ambassaden.vilnius@gov.se,www.swedenabroad.se/sv/utlandsmyndigheter/litauen-vilnius,,Litauen,Inger Buxton,Embassy of Sweden,Didzioji g. 16,LT-01128 Vilnius,Litauen,,,,Sveriges Ambassad,Didzioji g. 16,Vilnius,,,,,
,Sveriges ambassad Skopje,,,,,,,+389 (2) 329 78 80,+389 (2) 311 20 65,ambassaden.skopje@gov.se,www.swedenabroad.se/en/embassies/north-macedonia-skopje,,Makedonien,Kristin Forsgren Bengtsson,Embassy of Sweden,8ma Udarna Brigada No. 2,1000 Skopje,Norht Macedonia,,,,Sveriges Ambassad,8ma Udarna Brigada No. 2,Skopje,,,,,
,Sveriges ambassad Kuala Lumpur,,,,,,,+60-(0)3-220 30 200,+60-(0)3-220 30 201,ambassaden.kuala-lumpur@gov.se,www.swedenabroad.se/sv/utlandsmyndigheter/malaysia-kuala-lumpur,,Malaysia,Joachim Bergström,Embassy of Sweden,P.O.Box 10239,50708 Kuala Lumpur,Malaysia,,,,Embassy of Sweden,"A-12-2 Hampshire Place Office,","157 Hampshire,","1 Jalan Mayang Sari,",50450 Kuala Lumpur,,,
,Sveriges ambassad Bamako,,,,,,,+223 20 70 70 00,+223 20 70 70 10,ambassaden.bamako@gov.se,www.swedenabroad.se/sv/utlandsmyndigheter/mali-bamako,,Mali,Kristina Kühnel,Ambassade de Suède,BP E2093,Bamako,Mali,,,,Ambassade de Suède,"Immeuble UATT, 2eme etage",Quartier du Fleuve,"Bamako, Mali",,,,
,Sveriges ambassad Rabat,,,,,,,+212 537 63 32 10,+212 537 75 80 48,ambassaden.rabat@gov.se,www.swedenabroad.se/sv/utlandsmyndigheter/marocko-rabat,,Marocko,Anne Höglund,Ambassade de Suède,P.O. Box 428,10001 Rabat,Marocko,,,,Sveriges Ambassad,"159, Avenue Mohamed IV",Rabat-Souissi,Marocko,,,,
,Sveriges ambassad Mexiko,,,,,,,+52 55-91 78 50 10,+52 55-55 40 32 53,ambassaden.mexico@gov.se,www.swedenabroad.se/sv/utlandsmyndigheter/mexico-mexico-city,,Mexiko,Gunnar Aldén,Embajada de Suecia,Paseo de las Palmas 1225,Col. Lomas de Chapultepec,11 000 México,"CDMX, México",,,Sveriges Ambassad,Paseo de las Palmas 1225,Col. Lomas de Chapultepec,México,,,,
,Sveriges ambassad Maputo,,,,,,,+258-21-480 300,,ambassaden.maputo@gov.se,www.swedenabroad.se/sv/utlandsmyndigheter/mocambique-maputo,,Moçambique,Mette Sunnergren,Embassy Of Sweden,Av. Julius Nyerere 1128,"C.P. 338, Maputo",Moçambique,,,,Sveriges Ambassad,Av. Julius Nyerere 1128,Maputo,,,,,
,Sveriges ambassad Chisinau,,,,,,,+373 22 26 73 20,+373 22 26 73 30,ambassaden.chisinau@gov.se,www.swedenabroad.se/sv/utlandsmyndigheter/moldavien-chisinau,,Moldavien,Katarina Fried,Embassy of Sweden,12 Toma Ciorba St.,MD2004,Chisinau,Moldavien,,,Sveriges ambassad,12 Toma Ciorba St.,"MD2004, Chisinau",,,,,
,Sveriges ambassad Haag,,,,,,,+31 (70) 412 02 00,+31 (70) 412 02 11,ambassaden.haag@gov.se,www.swedenabroad.se/sv/utlandsmyndigheter/nederländerna-haag,,Nederländerna,Johannes Oljelund,Embassy of Sweden,Postbus 85601,2508 CH Den Haag,Nederländerna,,,,Sveriges Ambassad,"Johan de Wittlaan 7, Plan 4",2517 JR Den Haag,,,,,
,Sveriges ambassad Abuja,,,,,,,+234 9 904 73 02,,ambassaden.abuja@gov.se,www.swedenabroad.se/sv/utlandsmyndigheter/nigeria-abuja,,Nigeria,Carl Michael Gräns,Embassy of Sweden,PMB 569,Garki,Abuja,Nigeria,,,Sveriges Ambassad,"41, T.Y. Danjuma Street (Plot 1520)","Asokoro District, Abuja",,,,,
,Sveriges ambassad Pyongyang,,,,,,,+46 8 405 10 00,,ambassaden.pyongyang@gov.se,www.swedenabroad.se/sv/utlandsmyndigheter/nordkorea-pyongyang,,Nordkorea,Andreas Bengtsson,Embassy of Sweden,UD/Pyongyang,103 55 Stockholm,,,,,Sveriges Ambassad,"Munsu-dong, Taehak Street",Taedonggang District,Pyongyang,,,,
,Sveriges ambassad Oslo,,,,,,,+47 (-) 24 11 42 00,+47 (-) 22 55 15 96,ambassaden.oslo@gov.se,www.swedenabroad.se/sv/utlandsmyndigheter/norge-oslo,,Norge,Cecilia Björner,Sveriges Ambassad,Postboks 4001 AMB,0244 Oslo,Norge,,,,Sveriges Ambassad,Inkognitogata 27,0256 Oslo,,,,,
,Sveriges ambassad Islamabad,,,,,,,+92 (51) 207 26 00,+92 (51) 207 26 60,ambassaden.islamabad@gov.se,www.swedenabroad.se/sv/utlandsmyndigheter/pakistan-islamabad,,Pakistan,Henrik Persson,Embassy of Sweden,P.O. Box 1100,Islamabad,Pakistan,,,,Sveriges Ambassad,"House No. 4, Street No. 5",Sector F-6/3,Islamabad,,,,
,Sveriges ambassad Lima,,,,,,,+511 5669240,+511 2210298,ambassaden.lima@gov.se,www.swedenabroad.se/sv/utlandsmyndigheter/peru-lima,,Peru,Maria Cramér,Calle La Santa María 120,San Isidro,Lima 27,Peru,,,,Calle La Santa María 120,San Isidro,Lima,Peru,,,,
,Sveriges ambassad Warszawa,,,,,,,+48 (22) 640 89 00,+48 (22) 640 89 83,ambassaden.warszawa@gov.se,www.swedenabroad.se/sv/utlandsmyndigheter/polen-warszawa,,Polen,Stefan Gullgren,Embassy of Sweden,ul. Bagatela 3,00-585 Warszawa,Polen,,,,Sveriges Ambassad,ul. Bagatela 3,00-585 Warszawa,,,,,
,Sveriges ambassad Lissabon,,,,,,,+351 (-) 213 942 261,,ambassaden.lissabon@gov.se,www.swedenabroad.se/sv/utlandsmyndigheter/portugal-lissabon,,Portugal,Helena Pilsas,Embaixada da Suécia,"Rua Miguel Lupi, 12-2°-Dto",1249-077 Lisboa,Portugal,,,,Embaixada da Suécia,"Rua Miguel Lupi, 12-2°-Dto",1249-077 Lisboa,,,,,
,Sveriges ambassad Doha,,,,,,,+974 4444 9500,+974 4444 3350,ambassaden.doha@gov.se,www.swedenabroad.se/sv/utlandsmyndigheter/qatar-doha,,Qatar,Anders Bengtcén,P.O.Box 22649,"West Bay, Doha",Qatar,,,,,"Palm Tower B (""Monoprix Tower"")",Suit 1302 (13th floor),West Bay,Qatar,,,,
,Sveriges ambassad Bukarest,,,,,,,+40 (21) 406 71 00,+40 (21) 406 71 24,ambassaden.bukarest@gov.se,www.swedenabroad.se/sv/utlandsmyndigheter/rumänien-bukarest,,Rumänien,Therese Hydén,Embassy of Sweden,Casuta Postala 2-142,014730 Bukarest,Rumänien,,,,Sveriges Ambassad,Sos.Pavel Kiseleff 43,011343 Bukarest,,,,,
,Sveriges ambassad Kigali,,,,,,,+250 252 59 74 00,+250 252 59 74 59,ambassaden.kigali@gov.se,www.swedenabroad.se/sv/utlandsmyndigheter/rwanda-kigali,,Rwanda,Johanna Teague,Embassy of Sweden,P.O Box 6387,Kigali,Rwanda,,,,Aurore House,Umuganda Boulevard,Kigali,,,,,
,Sveriges ambassad Moskva,,,,,,,+7 (495) 937 92 00,+7 (495) 937 92 02,ambassaden.moskva@gov.se,www.swedenabroad.se/sv/utlandsmyndigheter/ryssland-moskva,,Ryssland,Malena Mård,Embassy of Sweden,Ulitsa Mosfilmovskaja 60,119590 Moskva,Ryska federationen,,,,Sveriges Ambassad,Ulitsa Mosfilmovskaya 60,"60, metro Kievskaja, Universitet eller Lomonosovkij prospekt",Moskva,,,,
,Sveriges ambassad Riyadh,,,,,,,+966-55-330-14-41,,ambassaden.riyadh@gov.se,www.swedenabroad.se/sv/utlandsmyndigheter/saudiarabien-riyadh,,Saudiarabien,Niclas Trouvé,Embassy of Sweden,P.O. Box 94382,Riyadh 11693,Saudiarabien,,,,Sveriges Ambassad,"Tayma Street, Lenah Residential Area","Diplomatic Quarter, Byggnad nummer: 3743",Zip: 12513-8384,Riyadh,,,
,Sveriges ambassad Bern,,,,,,,+41 31 328 70 00,+41 31 328 70 01,ambassaden.bern@gov.se,www.swedenabroad.se/sv/utlandsmyndigheter/schweiz-bern,,Schweiz,Jan Knutsson,Schwedische Botschaft,"Postfach, 3001",Schweiz,,,,,Sveriges Ambassad,Bundesgasse 26,Bern,,,,,
,Sveriges FN-representation Genève,,,,,,,+41 22 908 08 00,,representationen.geneve@gov.se,www.swedenabroad.se/sv/utlandsmyndigheter/fn-genève,,Schweiz,Anna Jardfelt,Permanent Mission of Sweden to the United Nations,Case Postale 190,CH-1211 Geneva 20,Schweiz,,,,"82, rue de Lausanne",Genève,,,,,,
,Sveriges ambassad Belgrad,,,,,,,+381 (11) 20 69 200,+381 (11) 20 69 250,ambassaden.belgrad@gov.se,www.swedenabroad.se/sv/utlandsmyndigheter/serbien-belgrad,,Serbien,Annika Ben David,Embassy of Sweden,P.O.B 5,11040 Belgrad,Serbien,,,,Sveriges Ambassad,Ledi Pedzet 2,11040 Belgrade,,,,,
,Sveriges ambassad Singapore,,,,,,,+65 (-) 64 15 9720,+65 (-) 64 15 9747,ambassaden.singapore@gov.se,www.swedenabroad.se/sv/utlandsmyndigheter/singapore-singapore,,Singapore,Kent Härstedt,Embassy of Sweden,#14-03 Millenia Tower,1 Temasek Avenue,Singapore 039192,,,,Sveriges Ambassad,#14-03 Millenia Tower,1 Temasek Avenue,Singapore 039192,,,,
,Sveriges ambassad Madrid,,,,,,,+34 91 702 20 40,,ambassaden.madrid@gov.se,www.swedenabroad.se/sv/utlandsmyndigheter/spanien-madrid,,Spanien,Teppo Tauriainen,Embajada de Suecia,Calle Caracas 25,280 10 Madrid,Spanien,,,,Sveriges Ambassad,Calle Caracas 25,280 10 Madrid,,,,,
,Sveriges ambassad London,,,,,,,+44 (20) 7917 6400,+44 (20) 7724 4174,ambassaden.london@gov.se,www.swedenabroad.se/sv/utlandsmyndigheter/storbritannien-london,,Storbritannien,Mikaela Kumlin Granit,Embassy of Sweden,11 Montagu Place,London W1H 2AL,Storbritannien,,,,Sveriges Ambassad,11 Montagu Place,London W1H 2AL,,,,,
,Sveriges ambassad Khartoum,,,,,,,+249 187 18 87 00,,ambassaden.khartoum@gov.se,www.swedenabroad.se/sv/utlandsmyndigheter/sudan-khartoum,,Sudan,Signe Burgstaller,Embassy of Sweden,P.O.Box 2206,Khartoum,Sudan,,,,Sveriges ambassad,"House 70,","Street 43,",Khartoum 2,Khartoum,,,
,Sveriges ambassad Pretoria,,,,,,,+27 (12) 426 64 00,+27 (12) 426 64 64,ambassaden.pretoria@gov.se,www.swedenabroad.se/sv/utlandsmyndigheter/sydafrika-pretoria,,Sydafrika,Håkan Juholt,Embassy of Sweden,P.O. Box 13477,Hatfield 0028,Sydafrika,,,,Sveriges Ambassad,iParioli Complex,1166 Park Street,Hatfield,,,,
,Sveriges ambassad Seoul,,,,,,,+82 2 3703 3700,+82 2 3703 3701/2,ambassaden.seoul@gov.se,www.swedenabroad.se/sv/utlandsmyndigheter/sydkorea-seoul,,Sydkorea,Daniel Wolvén,Embassy of Sweden,CPO Box 3577,Seoul 04535,Republic of Korea,,,,Sveriges Ambassad,"Danam Building, 8F",10 Sowol-ro,Jung-Gu,Seoul 04527,,,
,Sveriges ambassad Damaskus,,,,,,,+963 (11) 619 09 00,,ambassaden.damaskus@gov.se,www.swedenabroad.se/sv/utlandsmyndigheter/syrien-damaskus,,Syrien,Ann Dismorr,Ambassade de Suède,P.O. Box 4266,Damascus,Syria,,,,,,,,,,,
,Sveriges ambassad Dar es Salaam,,,,,,,+255 (22) 219 65 00,+255 (22) 219 65 03,ambassaden.dar-es-salaam@gov.se,www.swedenabroad.se/sv/utlandsmyndigheter/tanzania-dar-es-salaam,,Tanzania,Anders Sjöberg,Embassy of Sweden,P.O. Box 9274,Dar es Salaam,Tanzania,,,,Sveriges Ambassad,Mirambo Street - Garden Avenue,Dar es Salaam,,,,,
,Sveriges ambassad Bangkok,,,,,,,+66 2 263 72 00 / +66 2 263 72 11,,ambassaden.bangkok@gov.se,www.swedenabroad.se/sv/utlandsmyndigheter/thailand-bangkok,,Thailand,Jon Åström Gröndahl,Embassy of Sweden,"P.O. Box 1324, Nana Post Office",Bangkok 10110,Thailand,,,,Sveriges Ambasssad,"8 våningen, One Pacific Place","140 Sukhumvit Road, mellan soi 4 och soi 6",Ambassaden ligger bredvid Landmark Hotel,,,,
,Sveriges ambassad Prag,,,,,,,+420 (-) 220 313 200,+420 (-) 220 313 240,ambassaden.prag@gov.se,www.swedenabroad.se/sv/utlandsmyndigheter/tjeckien-prag,,Tjeckien,Fredrik Jörgensen,Embassy of Sweden,P.O. Box 35,160 12 Praha 612,Tjeckien,,,,Sveriges Ambassad,Úvoz 13,Prag 1-Hradcany,,,,,
,Sveriges ambassad Tunis,,,,,,,+216 (71) 71121300,,ambassaden.tunis@gov.se,www.swedenabroad.se/sv/utlandsmyndigheter/tunisien-tunis,,Tunisien,Anna Block Mazoyer,Sveriges Ambassad Tunis,Dar Nordique,Rue du Lac Neuchâtel,1053 Les Berges du Lac,"Tunis, Tunisien",,,Dar Nordique,Rue du Lac Neuchatel,Tunis,,,,,
,Sveriges ambassad Ankara,,,,,,,+90 (312) 455 41 00,+90 (312) 455 41 20,ambassaden.ankara@gov.se,www.swedenabroad.se/sv/utlandsmyndigheter/Turkiet-Ankara,,Turkiet,Staffan Herrström,Embassy of Sweden,P.O.B. 3,06692 Kavaklidere,Ankara,Turkiet,,,Sveriges Ambassad,Katip Celebi Sokak 7,Kavaklidere,Ankara,,,,
,Sveriges generalkonsulat Istanbul,,,,,,,+90 212 334 0600,+90 212 334 0628,generalkonsulat.istanbul@gov.se,www.swedenabroad.se/sv/utlandsmyndigheter/turkiet-istanbul,,Turkiet,Peter Ericson,Consulate General of Sweden,P.K. 125,34433 Beyoglu,Istanbul,Turkiet,,,Sveriges Generalkonsulat,"(Visum, migrations-, konsulära och allmänna frågor)",Sah Kulu Bostan Sk,södra ingången,,,,
,Sveriges ambassad Berlin,,,,,,,+49 (30) 50 50 60,+49 (30) 50 50 67 89,ambassaden.berlin@gov.se,www.swedenabroad.se/sv/utlandsmyndigheter/tyskland-berlin,,Tyskland,Per Thöresson,Schwedische Botschaft,Rauchstrasse 1,10787 Berlin,Tyskland,,,,Schwedische Botschaft,Rauchstrasse 1,107 87 Berlin,,,,,
,Sveriges ambassad Kampala,,,,,,,+256 41 77 00 800,+256 41 77 00 801,ambassaden.kampala@gov.se,www.swedenabroad.se/sv/utlandsmyndigheter/uganda-kampala,,Uganda,Maria Håkansson,Embassy of Sweden,P.O. Box 22669,Kampala,Uganda,,,,Sveriges Ambassad,"Plot 24, Lumumba Avenue",Nakasero,Kampala,,,,
,Sveriges ambassad Kiev,,,,,,,+380 44 494 4270,+380 44 494 42 71,ambassaden.kiev@gov.se,www.swedenabroad.se/sv/utlandsmyndigheter/ukraina-kiev,,Ukraina,Tobias Thyberg,Embassy of Sweden,"Ivan Franka Street 34/33, 3rd floor",01901 Kiev,Ukraina,,,,Sveriges Ambassad,"Ivana Franka Street 34/33, 3rd floor",Kiev,,,,,
,Sveriges ambassad Budapest,,,,,,,+36 (1) 460 60 20,+36 (1) 460 60 21,ambassaden.budapest@gov.se,www.swedenabroad.se/sv/utlandsmyndigheter/ungern-budapest,,Ungern,Dag Hartelius,Embassy of Sweden,Kapás utca 6-12,1027 Budapest,Ungern,,,,Sveriges Ambassad,Vizíváros Office Center,"Byggnad B, plan 4",Kapás utca 6-12,1027 Budapest,,,
,Sveriges ambassad Washington,,,,,,,+1 202 467 2600,,ambassaden.washington@gov.se,www.swedenabroad.se/sv/utlandsmyndigheter/usa-washington,,USA,Karin Olofsdotter,Embassy of Sweden,"2900 K Street, N.W","Washington, DC 20007",USA,,,,2900 K Street,"N.W., Washington",,,,,,
,Sveriges generalkonsulat New York,,,,,,,+1 212 583 2560,,generalkonsulat.new-york@gov.se,www.swedenabroad.se/sv/utlandsmyndigheter/usa-new-york,,USA,Camilla Mellander,Consulate General of Sweden,One Dag Hammarskjöld Plaza,885 Second Avenue,40th floor,"New York, NY10017",,,One Dag Hammarskjöld Plaza,885 Second Avenue,vid hörnet av 47th Street på Manhattan,,,,,
,Sveriges FN-Representation New York,,,,,,,+1 212 583 2500,,representationen.new-york@gov.se,www.swedenabroad.se/sv/utlandsmyndigheter/fn-new-york,,USA,Anna-Karin Eneström,Permanent Mission of Sweden to the United Nations,885 Second Avenue,"New York, NY 10017",USA,,,,One Dag Hammarskjöld Plaza,885 Second Avenue,46th Floor,"New York, NY",,,,
,Sveriges ambassad Hanoi,,,,,,,+84 4 37260 400,+84 4 37260410,ambassaden.hanoi@gov.se,www.swedenabroad.se/sv/utlandsmyndigheter/vietnam-hanoi,,Vietnam,Ann Måwe,Embassy of Sweden,Daeha Business Center,"15th floor, 360 Kim Ma",Hanoi,Vietnam,,,Sveriges Ambassad,Dahea Business Center,15:e våningen,360 Kim Ma street,"Ba Dinh, Hanoi",,,
,Sveriges ambassad Lusaka,,,,,,,+260 211 42 61 00 / +260 777 17 72 33,+260 (211) 25 40 49,ambassaden.lusaka@gov.se,www.swedenabroad.se/sv/utlandsmyndigheter/zambia-lusaka,,Zambia,Anna-Maj Hultgård,Embassy of Sweden,P.O. Box 50264,Ridgeway,10101 Lusaka,Zambia,,,Sveriges Ambassad,"Haile Selassie Avenue,",Opposite Ndeke House,Longacres,Lusaka,,,
,Sveriges ambassad Harare,,,,,,,+263 (4) 302 636,+263 (4) 302 236,ambassaden.harare@gov.se,www.swedenabroad.se/sv/utlandsmyndigheter/zimbabwe-harare,,Zimbabwe,Åsa Pehrson,Embassy of Sweden,P.O. Box 4110,Harare,Zimbabwe,,,,Sveriges Ambassad,"32, Aberdeen Road",Avondale,Harare,,,,
,Sveriges ambassad Wien,,,,,,,+43 1-217 530,,ambassaden.wien@gov.se,www.swedenabroad.se/sv/utlandsmyndigheter/österrike-wien,,Österrike,Annika Markovic,Schwedische Botschaft,Liechtensteinstrasse 51,1090 Wien,Österrike,,,,Sveriges Ambassad,Liechtensteinstrasse 51,1090 Wien,,,,,
,Svergies delegation NATO Bryssel,,,,,,,+3227077855,,nato-delegationen.bryssel@gov.se,www.swedenabroad.se/sv/utlandsmyndigheter/nato-bryssel/kontakt/the-delegation,,Österrike,Ulrika Funeredt,Mission of Sweden to NATO,NATO HQ - MWB,Boulevard Leopold III,1110 Bryssel,Belgien,,,Sveriges delegation vid Nato,NATO HQ,"Boulevard Leopold III, (Manfred Wörner Building, Evere)",,,,,
802005-7538,FÖRSTA AP-FONDEN,BOX 16294,103 25,STOCKHOLM,REGERINGSGATAN 67,111 56,STOCKHOLM,856620200.0,,info@ap1.se,www.ap1.se,2000:192,,,,,,,,,,,,,,,,,1.0
857209-0606,ANDRA AP-FONDEN,BOX 11155,404 24,GÖTEBORG,ÖSTRA HAMNGATAN 26-28,411 09,GÖTEBORG,317042900.0,,info@ap2.se,www.ap2.se,2000:192,,,,,,,,,,,,,,,,,2.0
802014-4120,TREDJE AP-FONDEN,BOX 1176,111 91,STOCKHOLM,VASAGATAN 16  9TR,111 20,STOCKHOLM,855517100.0,,info@ap3.se,www.ap3.se,2000:192,,,,,,,,,,,,,,,,,3.0
802005-1952,FJÄRDE AP-FONDEN,BOX 3069,103 61,STOCKHOLM,JAKOBSBERGSGATAN 16,111 44,STOCKHOLM,,,info@ap4.se,www.ap4.se,2000:192,,,,,,,,,,,,,,,,,4.0
855104-0721,SJÄTTE AP-FONDEN,KÖPMANSGATAN 32,411 06,GÖTEBORG,KÖPMANSGATAN 32,411 06,GÖTEBORG,317411000.0,,info@apfond6.se,www.apfond6.se,2000:193,,,,,,,,,,,,,,,,,6.0
802406-2302,SJUNDE AP-FONDEN,BOX 100,101 21,STOCKHOLM,VASAGATAN 16,111 20,STOCKHOLM,,,info@ap7.se,www.ap7.se,,,,,,,,,,,,,,,,,,7.0
202100-0795,LUFTFARTSVERKET,,601 79,NORRKÖPING,HOSPITALSGATAN 30,602 27,NORRKÖPING,11192000,,lfv@lfv.se,www.lfv.se,2010:184,,,,,,,,,,,,,,,,,
202100-0654,SJÖFARTSVERKET,,601 78,NORRKÖPING,ÖSTRA PROMENADEN 7,602 28,NORRKÖPING,771630000,,sjofartsverket@sjofartsverket.se,www.sjofartsverket.se,2007:1161,,,,,,,,,,,,,,,,,
202100-4284,SVENSKA KRAFTNÄT,BOX 1200,172 24,SUNDBYBERG,STUREGATAN 1,172 31,SUNDBYBERG,104758000,,registrator@svk.se,www.svk.se,2007:1119,,,,,,,,,,,,,,,,,
202100-2122,ARBETSDOMSTOLEN,BOX 2018,103 11,STOCKHOLM,STORA NYGATAN 2  A-B,111 27,STOCKHOLM,86176600.0,,kansliet@arbetsdomstolen.se,www.arbetsdomstolen.se,1988:1137,,,,,,,,,,,,,,,,,1.0
202100-2742,DOMSTOLSVERKET,,551 81,JÖNKÖPING,KYRKOGATAN 32,553 16,JÖNKÖPING,36155300.0,,domstolsverket@dom.se,www.domstol.se,1988:317,,,,,,,,,,,,,,,,,4.0
202100-6313,Försvarsunderrättelsedomstolen,BOX 1097,164 25,KISTA,GULLFOSSGATAN 6,164 40,KISTA,,,undom@undom.se,www.undom.se,2009:966,,,,,,,,,,,,,,,,,5.0
202100-2742,ALINGSÅS TINGSRÄTT,BOX 126,441 23,ALINGSÅS,SÖDRA RINGGATAN 23,441 33,ALINGSÅS,32279300.0,,alingsas.tingsratt@dom.se,www.alingsastingsratt.domstol.se,1988:317,,,,,,,,,,,,,,,,,9.0
202100-2742,ATTUNDA TINGSRÄTT,BOX 940,191 29,SOLLENTUNA,TINGSVÄGEN 11,191 61,SOLLENTUNA,856169500.0,,attunda.tingsratt@dom.se,www.attundatingsratt.domstol.se,1988:317,,,,,,,,,,,,,,,,,9.0
202100-2742,BLEKINGE TINGSRÄTT,BOX 319,371 25,KARLSKRONA,"RÅDHUSGATAN 2  RÅDHUSET, STORTORGET",371 31,KARLSKRONA,455335400.0,,blekinge.tingsratt@dom.se,www.blekingetingsratt.domstol.se,1988:317,,,,,,,,,,,,,,,,,9.0
202100-2742,BORÅS TINGSRÄTT,BOX 270,501 13,BORÅS,Petersbergsgatan 10,504 30,BORÅS,33177000.0,,boras.tingsratt@dom.se,www.borastingsratt.domstol.se,1988:317,,,,,,,,,,,,,,,,,9.0
202100-2742,EKSJÖ TINGSRÄTT,BOX 230,575 23,EKSJÖ,SOFIEHOLMSGATAN 7,575 33,EKSJÖ,38138400.0,,eksjo.tingsratt@dom.se,www.eksjotingsratt.domstol.se,1988:317,,,,,,,,,,,,,,,,,9.0
202100-2742,ESKILSTUNA TINGSRÄTT,BOX 363,631 05,ESKILSTUNA,VÄSTERMARKSGATAN 18,632 20,ESKILSTUNA,164030300.0,,eskilstuna.tingsratt@dom.se,www.eskilstunatingsratt.domstol.se,1988:317,,,,,,,,,,,,,,,,,9.0
202100-2742,FALU TINGSRÄTT,BOX 102,791 23,FALUN,KULLEN 4,791 31,FALUN,2348200.0,,falu.tingsratt@dom.se,www.falutingsratt.domstol.se,1988:317,,,,,,,,,,,,,,,,,9.0
202100-2742,FÖRVALTNINGSRÄTTEN I FALUN,BOX 45,791 21,FALUN,KULLEN 4,791 31,FALUN,233830000.0,,forvaltningsrattenifalun@dom.se,www.forvaltningsrattenifalun.domstol.se,1988:317,,,,,,,,,,,,,,,,,9.0
202100-2742,FÖRVALTNINGSRÄTTEN I GÖTEBORG OCH MIGRATIONSDOMS,BOX 53197,400 15,GÖTEBORG,STEN STUREGATAN 14,411 39,GÖTEBORG,317327000.0,,forvaltningsrattenigoteborg@dom.se,www.forvaltningsrattenigoteborg.domstol.se,1988:317,,,,,,,,,,,,,,,,,9.0
202100-2742,FÖRVALTNINGSRÄTTEN I HÄRNÖSAND,BOX 314,871 27,HÄRNÖSAND,BACKGRÄND 9,871 32,HÄRNÖSAND,611460600.0,,forvaltningsratteniharnosand@dom.se,www.forvaltningsratteniharnosand.domstol.se,1988:317,,,,,,,,,,,,,,,,,9.0
202100-2742,FÖRVALTNINGSRÄTTEN I JÖNKÖPING,BOX 2201,550 02,JÖNKÖPING,HAMNGATAN 15,553 16,JÖNKÖPING,36156600.0,,forvaltningsrattenijonkoping@dom.se,www.forvaltningsrattenijonkoping.domstol.se,1988:317,,,,,,,,,,,,,,,,,9.0
202100-2742,FÖRVALTNINGSRÄTTEN I KARLSTAD,BOX 568,651 12,KARLSTAD,RÅDHUSET STORA TORGET,652 24,KARLSTAD,54148500.0,,forvaltningsrattenikarlstad@dom.se,www.forvaltningsrattenikarlstad.domstol.se,1988:317,,,,,,,,,,,,,,,,,9.0
202100-2742,FÖRVALTNINGSRÄTTEN I LINKÖPING,BOX 406,581 04,LINKÖPING,BRIGADGATAN 3,587 58,LINKÖPING,13251100.0,,forvaltningsrattenilinkoping@dom.se,www.forvaltningsrattenilinkoping.domstol.se,1988:317,,,,,,,,,,,,,,,,,9.0
202100-2742,FÖRVALTNINGSRÄTTEN I LULEÅ OCH MIGRATIONSDOMSTOL,Box 849,971 26,LULEÅ,SKEPPSBROGATAN 43,972 31,LULEÅ,920295490.0,,forvaltningsrattenilulea@dom.se,www.forvaltningsrattenilulea.domstol.se,1988:317,,,,,,,,,,,,,,,,,9.0
202100-2742,FÖRVALTNINGSRÄTTEN I MALMÖ,BOX 4522,203 20,MALMÖ,BANGÅRDSPLATSEN 2,211 20,MALMÖ,40353500.0,,forvaltningsrattenimalmo@dom.se,www.forvaltningsrattenimalmo.domstol.se,1988:317,,,,,,,,,,,,,,,,,9.0
202100-2742,FÖRVALTNINGSRÄTTEN I STOCKHOLM OCH MIGRATIONSDOM,,115 76,STOCKHOLM,TEGELUDDSVÄGEN 1,115 41,STOCKHOLM,856168000.0,,forvaltningsrattenistockholm@dom.se,www.forvaltningsrattenistockholm.domstol.se,1988:317,,,,,,,,,,,,,,,,,9.0
202100-2742,FÖRVALTNINGSRÄTTEN I UMEÅ,BOX 193,901 05,UMEÅ,Nygatan 45,903 30,UMEÅ,90177400.0,,forvaltningsratteniumea@dom.se,www.forvaltningsratteniumea.domstol.se,1988:317,,,,,,,,,,,,,,,,,9.0
202100-2742,FÖRVALTNINGSRÄTTEN I UPPSALA,BOX 1853,751 48,UPPSALA,STATIONSGATAN 12,753 40,UPPSALA,184316300.0,,forvaltningsratteniuppsala@dom.se,www.forvaltningsratteniuppsala.domstol.se,1988:317,,,,,,,,,,,,,,,,,9.0
202100-2742,FÖRVALTNINGSRÄTTEN I VÄXJÖ,BOX 42,351 03,VÄXJÖ,KUNGSGATAN 8,352 33,VÄXJÖ,470560200.0,,forvaltningsrattenivaxjo@dom.se,www.forvaltningsrattenivaxjo.domstol.se,1988:317,,,,,,,,,,,,,,,,,9.0
202100-2742,GOTLANDS TINGSRÄTT,BOX 1143,621 22,VISBY,ARTILLERIGATAN 2 A,621 45,VISBY,498281400.0,,gotlands.tingsratt@dom.se,www.gotlandstingsratt.domstol.se,1988:317,,,,,,,,,,,,,,,,,9.0
202100-2742,GÄLLIVARE TINGSRÄTT,BOX 23,982 21,GÄLLIVARE,LASARETTSGATAN 22,982 32,GÄLLIVARE,97075800.0,,gallivare.tingsratt@dom.se,,1988:317,,,,,,,,,,,,,,,,,9.0
202100-2742,GÄVLE TINGSRÄTT,BOX 1194,801 36,GÄVLE,LANTMÄTERIGATAN 4,802 64,GÄVLE,26176700.0,,gavle.tingsratt@dom.se,www.gavletingsratt.domstol.se,1988:317,,,,,,,,,,,,,,,,,9.0
202100-2742,GÖTA HOVRÄTT,BOX 2223,550 02,JÖNKÖPING,HAMNGATAN 11,553 16,JÖNKÖPING,36156900.0,,gota.hovratt@dom.se,www.gotahovratt.se,1988:317,,,,,,,,,,,,,,,,,9.0
202100-2742,GÖTEBORGS TINGSRÄTT,,404 83,GÖTEBORG,ULLEVIGATAN 15,411 39,GÖTEBORG,317011000.0,,gbg.tingsratt@dom.se,www.goteborgstingsratt.domstol.se,1988:317,,,,,,,,,,,,,,,,,9.0
202100-2742,HALMSTADS TINGSRÄTT,BOX 193,301 05,HALMSTAD,SÖDRA VÄGEN 5,302 38,HALMSTAD,35152500.0,,halmstads.tingsratt@dom.se,www.halmstadstingsratt.domstol.se,1988:317,,,,,,,,,,,,,,,,,9.0
202100-2742,HAPARANDA TINGSRÄTT,BOX 174,953 24,HAPARANDA,STRANDGATAN 20,953 31,HAPARANDA,92228100.0,,haparanda.tingsratt@dom.se,www.haparandatingsratt.domstol.se,1988:317,,,,,,,,,,,,,,,,,9.0
202100-2742,HELSINGBORGS TINGSRÄTT,BOX 712,251 07,HELSINGBORG,KONSUL PERSSONS PLATS 1,252 18,HELSINGBORG,42199700.0,,helsingborgs.tingsratt@dom.se,www.helsingborgstingsratt.domstol.se,1988:317,,,,,,,,,,,,,,,,,9.0
202100-2742,HOVRÄTTEN FÖR NEDRE NORRLAND,BOX 170,851 03,SUNDSVALL,SÖDRA TJÄRNGATAN 2,852 33,SUNDSVALL,60186800.0,,hovratten.nedrenorrland@dom.se,www.hovrattenfornedrenorrland.se,1988:317,,,,,,,,,,,,,,,,,9.0
202100-2742,HOVRÄTTEN FÖR VÄSTRA SVERIGE,BOX 40,401 20,GÖTEBORG,PACKHUSPLATSEN 6,411 13,GÖTEBORG,317012200.0,,hovratten.vastrasverige@dom.se,www.vastrahovratten.domstol.se,1988:317,,,,,,,,,,,,,,,,,9.0
202100-2742,HOVRÄTTEN FÖR ÖVRE NORRLAND,BOX 384,901 08,UMEÅ,BANKGATAN 3,903 25,UMEÅ,90172000.0,,hovratten.ovrenorrland@dom.se,www.hovrattenovrenorrland.domstol.se,1988:317,,,,,,,,,,,,,,,,,9.0
202100-2742,HOVRÄTTEN ÖVER SKÅNE OCH BLEKINGE,BOX 846,201 80,MALMÖ,HOVRÄTTSTORGET 1,211 18,MALMÖ,40355700.0,,hovratten.skaneblekinge@dom.se,www.hovrattenskaneblekinge.domstol.se,1988:317,,,,,,,,,,,,,,,,,9.0
202100-2742,HYRES OCH ARRENDENÄMNDEN I GÖTEBORG,,404 83,GÖTEBORG,ULLEVIGATAN 15,411 39,GÖTEBORG,313140360.0,,hyresnamndenigoteborg@dom.se,www.hyresnamnden.se,1988:317,,,,,,,,,,,,,,,,,9.0
202100-2742,HYRES OCH ARRENDENÄMNDEN I JÖNKÖPING,BOX 2243,550 02,JÖNKÖPING,HAMNGATAN 15,553 16,JÖNKÖPING,36156780.0,,hyresnamndenijonkoping@dom.se,www.hyresnamnden.se,1988:317,,,,,,,,,,,,,,,,,9.0
202100-2742,HYRES OCH ARRENDENÄMNDEN I LINKÖPING,BOX 359,581 03,LINKÖPING,BRIGADGATAN 3,587 58,LINKÖPING,13251000.0,,hyresnamndenilinkoping@dom.se,www.hyresnamnden.se,1988:317,,,,,,,,,,,,,,,,,9.0
202100-2742,HYRES OCH ARRENDENÄMNDEN I STOCKHOLM,BOX 67,131 07,NACKA,SICKLASTRÅKET 1,131 54,NACKA,856166500.0,,hyresnamndenistockholm@dom.se,www.hyresnamnden.se,1988:317,,,,,,,,,,,,,,,,,9.0
202100-2742,HYRES OCH ARRENDENÄMNDEN I SUNDSVALL,BOX 415,851 06,SUNDSVALL,STORGATAN 39,852 33,SUNDSVALL,60186790.0,,hyresnamndenisundsvall@dom.se,www.hyresnamnden.se,1988:317,,,,,,,,,,,,,,,,,9.0
202100-2742,HYRES OCH ARRENDENÄMNDEN I UMEÅ,BOX 324,901 07,UMEÅ,NYGATAN 45,903 30,UMEÅ,90172190.0,,hyresnamndeniumea@dom.se,www.hyresnamnden.se,1988:317,,,,,,,,,,,,,,,,,9.0
202100-2742,HYRES OCH ARRENDENÄMNDEN I VÄSTERÅS,BOX 40,721 04,VÄSTERÅS,SIGURDSGATAN 22,721 30,VÄSTERÅS,21310590.0,,hyresnamndenivasteras@dom.se,www.hyresnamnden.se,1988:317,,,,,,,,,,,,,,,,,9.0
202100-2742,HYRES OCH ARRENDENÄMNEN I MALMÖ,BOX 4287,203 14,MALMÖ,Bangårdsplatsen 2,211 20,MALMÖ,40353400.0,,hyresnamndenimalmo@dom.se,www.hyresnamnden.se,1988:317,,,,,,,,,,,,,,,,,9.0
202100-2742,HÄLSINGLANDS TINGSRÄTT,BOX 1073,824 12,HUDIKSVALL,DROTTNINGGATAN 17,824 30,HUDIKSVALL,65037450.0,,halsinglands.tingsratt@dom.se,www.hudiksvallstingsratt.domstol.se,1988:317,,,,,,,,,,,,,,,,,9.0
202100-2742,HÄSSLEHOLMS TINGSRÄTT,BOX 135,281 22,HÄSSLEHOLM,TINGSHUSGATAN 3,281 30,HÄSSLEHOLM,45148700.0,,hassleholms.tingsratt@dom.se,www.hassleholmstingsratt.domstol.se,1988:317,,,,,,,,,,,,,,,,,9.0
202100-2742,HÖGSTA DOMSTOLEN,BOX 2066,103 12,STOCKHOLM,RIDDARHUSTORGET 8,111 28,STOCKHOLM,856166600.0,,hogsta.domstolen@dom.se,www.hogstadomstolen.se,1988:317,,,,,,,,,,,,,,,,,9.0
202100-2742,HÖGSTA FÖRVALTNINGSDOMSTOLEN,BOX 2293,103 17,STOCKHOLM,BIRGER JARLS TORG 13,111 28,STOCKHOLM,856167600.0,,hogstaforvaltningsdomstolen@dom.se,www.hogstaforvaltningsdomstolen.se,1988:317,,,,,,,,,,,,,,,,,9.0
202100-2742,JÖNKÖPINGS TINGSRÄTT,BOX 2243,550 02,JÖNKÖPING,HAMNGATAN 15,553 16,JÖNKÖPING,36156700.0,,jonkopings.tingsratt@dom.se,www.jonkopingstingsratt.domstol.se,1988:317,,,,,,,,,,,,,,,,,9.0
202100-2742,KALMAR TINGSRÄTT,BOX 613,391 26,KALMAR,SMÅLANDSGATAN 28,392 34,KALMAR,480477800.0,,kalmar.tingsratt@dom.se,www.kalmartingsratt.domstol.se,1988:317,,,,,,,,,,,,,,,,,9.0
202100-2742,KAMMARRÄTTEN I GÖTEBORG,BOX 1531,401 50,GÖTEBORG,Stora Nygatan 21,411 08,GÖTEBORG,317327400.0,,kammarratten.goteborg@dom.se,www.kammarratten.goteborg.se,1988:317,,,,,,,,,,,,,,,,,9.0
202100-2742,KAMMARRÄTTEN I JÖNKÖPING,BOX 2203,550 02,JÖNKÖPING,HAMNGATAN 11,553 16,JÖNKÖPING,36156800.0,,kammarrattenijonkoping@dom.se,www.kammarrattenijonkoping.domstol.se,1988:317,,,,,,,,,,,,,,,,,9.0
202100-2742,KAMMARRÄTTEN I STOCKHOLM OCH MIGRATIONSÖVERDOMST,BOX 2302,103 17,STOCKHOLM,BIRGER JARLS TORG 5,111 28,STOCKHOLM,856169000.0,,kammarrattenistockholm@dom.se,www.kammarrattenistockholm.domstol.se,1988:317,,,,,,,,,,,,,,,,,9.0
202100-2742,KAMMARRÄTTEN I SUNDSVALL,BOX 714,851 21,SUNDSVALL,Södra Tjärngatan 2,852 33,SUNDSVALL,60186600.0,,kammarrattenisundsvall@dom.se,www.kammarrattenisundsvall.se,1988:317,,,,,,,,,,,,,,,,,9.0
202100-2742,KRISTIANSTADS TINGSRÄTT,BOX 536,291 25,KRISTIANSTAD,KANALGATAN 32,291 34,KRISTIANSTAD,44183600.0,,kristianstads.tingsratt@dom.se,www.kristianstadstingsratt.domstol.se,1988:317,,,,,,,,,,,,,,,,,9.0
202100-2742,LINKÖPINGS TINGSRÄTT,BOX 365,581 03,LINKÖPING,BRIGADGATAN 3,587 58,LINKÖPING,13251000.0,,linkopings.tingsratt@dom.se,www.linkopingstingsratt.domstol.se,1988:317,,,,,,,,,,,,,,,,,9.0
202100-2742,LULEÅ TINGSRÄTT,BOX 849,971 26,LULEÅ,SKEPPSBROGATAN 43,972 31,LULEÅ,920295500.0,,lulea.tingsratt@dom.se,www.luleatingsratt.domstol.se,1988:317,,,,,,,,,,,,,,,,,9.0
202100-2742,LUNDS TINGSRÄTT,BOX 75,221 00,LUND,TINGSRÄTTSPLATSEN 2,222 37,LUND,46160400.0,,lunds.tingsratt@dom.se,www.lundstingsratt.domstol.se,1988:317,,,,,,,,,,,,,,,,,9.0
202100-2742,LYCKSELE TINGSRÄTT,BOX 53,921 22,LYCKSELE,BÅNGVÄGEN 14,921 32,LYCKSELE,95023700.0,,lycksele.tingsratt@dom.se,www.lyckseletingsratt.domstol.se,1988:317,,,,,,,,,,,,,,,,,9.0
202100-2742,MALMÖ TINGSRÄTT,BOX 265,201 22,MALMÖ,BANGÅRDSPLATSEN 2,211 20,MALMÖ,40353000.0,,malmo.tingsratt@dom.se,www.malmotingsratt.domstol.se,1988:317,,,,,,,,,,,,,,,,,9.0
202100-2742,MORA TINGSRÄTT,BOX 31,792 21,MORA,STRANDGATAN 10,792 30,MORA,25029600.0,,mora.tingsratt@dom.se,www.moratingsratt.domstol.se,1988:317,,,,,,,,,,,,,,,,,9.0
202100-2742,NACKA TINGSRÄTT,BOX 69,131 07,NACKA,SICKLASTRÅKET 1,131 54,NACKA,856165600.0,,nacka.tingsratt@dom.se,www.nackatingsratt.domstol.se,1988:317,,,,,,,,,,,,,,,,,9.0
202100-2742,NORRKÖPINGS TINGSRÄTT,BOX 418,601 05,NORRKÖPING,Sveagatan 10,602 22,NORRKÖPING,11243500.0,,norrkopings.tingsratt@dom.se,www.norrkopingstingsratt.domstol.se,1988:317,,,,,,,,,,,,,,,,,9.0
202100-2742,NORRTÄLJE TINGSRÄTT,BOX 5,761 21,NORRTÄLJE,ASTRID LINDGRENS GATA 7,761 46,NORRTÄLJE,17676800.0,,norrtalje.tingsratt@dom.se,www.norrtaljetingsratt.domstol.se,1988:317,,,,,,,,,,,,,,,,,9.0
202100-2742,NYKÖPINGS TINGSRÄTT,BOX 333,611 27,NYKÖPING,FOLKUNGAVÄGEN 4,611 34,NYKÖPING,155120400.0,,nykopings.tingsratt@dom.se,www.nykopingstingsratt.domstol.se,1988:317,,,,,,,,,,,,,,,,,9.0
202100-2742,SKARABORGS TINGSRÄTT,BOX 174,541 24,SKÖVDE,ERIC UGGLAS PLATS 2,541 51,SKÖVDE,500499200.0,,skaraborgs.tingsratt@dom.se,www.skaraborgstingsratt.domstol.se,1988:317,,,,,,,,,,,,,,,,,9.0
202100-2742,SKELLEFTEÅ TINGSRÄTT,BOX 398,931 24,SKELLEFTEÅ,BRÄNNAVÄGEN 9,931 33,SKELLEFTEÅ,910725650.0,,skelleftea.tingsratt@dom.se,www.skellefteatingsratt.domstol.se,1988:317,,,,,,,,,,,,,,,,,9.0
202100-2742,SOLNA TINGSRÄTT,BOX 1356,171 26,SOLNA,SUNDBYBERGSVÄGEN 5,171 73,SOLNA,856165800.0,,solna.tingsratt@dom.se,www.solnatingsratt.domstol.se,1988:317,,,,,,,,,,,,,,,,,9.0
202100-2742,STOCKHOLMS TINGSRÄTT OCH PATENT OCH MARKNADSDOM,BOX 8307,104 20,STOCKHOLM,SCHEELEGATAN 7,112 28,STOCKHOLM,856165000.0,,stockholms.tingsratt@dom.se,www.stockholmstingsratt.se,1988:317,,,,,,,,,,,,,,,,,9.0
202100-2742,SUNDSVALLS TINGSRÄTT,BOX 467,851 06,SUNDSVALL,STORGATAN 39,852 33,SUNDSVALL,60186700.0,,sundsvalls.tingsratt@dom.se,www.sundsvallstingsratt.se,1988:317,,,,,,,,,,,,,,,,,9.0
202100-2742,SVEA HOVRÄTT O MARK O MILJÖ OCH PATENT,BOX 2290,103 17,STOCKHOLM,BIRGER JARLS TORG 16,111 28,STOCKHOLM,856167000.0,,svea.hovratt@dom.se,www.svea.se,1988:317,,,,,,,,,,,,,,,,,9.0
202100-2742,SÖDERTÄLJE TINGSRÄTT,BOX 348,151 24,SÖDERTÄLJE,STORGATAN 17,151 72,SÖDERTÄLJE,856166800.0,,sodertalje.tingsratt@dom.se,www.sodertaljetingsratt.domstol.se,1988:317,,,,,,,,,,,,,,,,,9.0
202100-2742,SÖDERTÖRNS TINGSRÄTT,,141 84,HUDDINGE,BJÖRNKULLAVÄGEN 5 A,141 51,HUDDINGE,856166000.0,,sodertorns.tingsratt@dom.se,www.sodertornstingsratt.domstol.se,1988:317,,,,,,,,,,,,,,,,,9.0
202100-2742,UDDEVALLA TINGSRÄTT,BOX 323,451 18,UDDEVALLA,ZACHAUS GRÄND 2,451 30,UDDEVALLA,522657100.0,,uddevalla.tingsratt@dom.se,www.uddevallatingsratt.domstol.se,1988:317,,,,,,,,,,,,,,,,,9.0
202100-2742,UMEÅ TINGSRÄTT,BOX 138,901 04,UMEÅ,Nygatan 45  Tingshuset,903 30,UMEÅ,90172100.0,,umea.tingsratt@dom.se,www.umeatingsratt.domstol.se,1988:317,,,,,,,,,,,,,,,,,9.0
202100-2742,UPPSALA TINGSRÄTT,BOX 1113,751 41,UPPSALA,SMEDSGRÄND 22,753 20,UPPSALA,184316000.0,,uppsala.tingsratt@dom.se,www.uppsalatingsratt.domstol.se,1988:317,,,,,,,,,,,,,,,,,9.0
202100-2742,VARBERGS TINGSRÄTT,BOX 121,432 23,VARBERG,ÖSTRA LÅNGGATAN 7,432 45,VARBERG,340628400.0,,varbergs.tingsratt@dom.se,www.varbergstingsratt.domstol.se,1988:317,,,,,,,,,,,,,,,,,9.0
202100-2742,VÄNERSBORGS TINGSRÄTT OCH MARK OCH MILJÖDOMSTOL,BOX 1070,462 28,VÄNERSBORG,HAMNGATAN 6,462 30,VÄNERSBORG,521270200.0,,vanersborgs.tingsratt@dom.se,www.vanersborgstingsratt.domstol.se,1988:317,,,,,,,,,,,,,,,,,9.0
202100-2742,VÄRMLANDS TINGSRÄTT,BOX 188,651 05,KARLSTAD,VÄSTRA TORGGATAN 13,652 24,KARLSTAD,54148400.0,,varmlands.tingsratt@dom.se,www.varmlandstingsratt.domstol.se,1988:317,,,,,,,,,,,,,,,,,9.0
202100-2742,VÄSTMANLANDS TINGSRÄTT,BOX 40,721 04,VÄSTERÅS,SIGURDSGATAN 22,721 30,VÄSTERÅS,21310400.0,,vastmanlands.tingsratt@dom.se,www.vastmanlandstingsratt.domstol.se,1988:317,,,,,,,,,,,,,,,,,9.0
202100-2742,VÄXJÖ TINGSRÄTT OCH MARK OCH MILJÖDOMSTOL,BOX 81,351 03,VÄXJÖ,KUNGSGATAN 8,352 33,VÄXJÖ,470560100.0,,vaxjo.tingsratt@dom.se,www.vaxjotingsratt.domstol.se,1988:317,,,,,,,,,,,,,,,,,9.0
202100-2742,YSTADS TINGSRÄTT,BOX 114,271 23,YSTAD,BOLLHUSGATAN 16,271 42,YSTAD,41169100.0,,ystads.tingsratt@dom.se,www.ystadstingsratt.domstol.se,1988:317,,,,,,,,,,,,,,,,,9.0
202100-2742,ÅNGERMANLANDS TINGSRÄTT,BOX 114,871 23,HÄRNÖSAND,BACKGRÄND 9,871 32,HÄRNÖSAND,611460500.0,,angermanlands.tingsratt@dom.se,www.angermanlandstingsratt.domstol.se,1988:317,,,,,,,,,,,,,,,,,9.0
202100-2742,ÖREBRO TINGSRÄTT,BOX 383,701 47,ÖREBRO,JÄRNVÄGSGATAN 1 A,703 62,ÖREBRO,19166300.0,,orebro.tingsratt@dom.se,www.orebrotingsratt.domstol.se,1988:317,,,,,,,,,,,,,,,,,9.0
202100-2742,ÖSTERSUNDS TINGSRÄTT OCH MARK OCH MILJÖDOMSTOL,BOX 708,831 28,ÖSTERSUND,STORGATAN 6,831 30,ÖSTERSUND,63150600.0,,ostersunds.tingsratt@dom.se,www.ostersundstingsratt.domstol.se,1988:317,,,,,,,,,,,,,,,,,9.0
202100-6461,Riksdagens arvodesnämnd,,100 12,STOCKHOLM,,000 00,STOCKHOLM,702303205.0,,riksdagens.arvodesnamnd@riksdagen.se,www.riksdagen.se/sv/sa-funkar-riksdagen/riksdagens-myndigheter-och-namnder/riksdagens-arvodesnamnd,2012:883,,,,,,,,,,,,,,,,,
202100-2650,RIKSDAGENS OMBUDSMÄN,BOX 16327,103 26,STOCKHOLM,VÄSTRA TRÄDGÅRDSGATAN 4,111 53,STOCKHOLM,87865100.0,,justitieombudsmannen@jo.se,www.jo.se,1986:765,,,,,,,,,,,,,,,,,
202100-2627,RIKSDAGSFÖRVALTNINGEN,,100 12,STOCKHOLM,RIKSGATAN 1-3,111 28,STOCKHOLM,,,registrator.riksdagsforvaltningen@riksdagen.se,www.riksdagen.se,2011:745,,,,,,,,,,,,,,,,,
202100-5422,RIKSREVISIONEN,BOX 6181,102 33,STOCKHOLM,SANKT ERIKSGATAN 117,113 43,STOCKHOLM,851714000.0,,registrator@riksrevisionen.se,www.riksrevisionen.se,2002:1023,,,,,,,,,,,,,,,,,
202100-2684,SVERIGES RIKSBANK,,103 37,STOCKHOLM,BRUNKEBERGSTORG 11,111 51,STOCKHOLM,87870000.0,,Lon@riksbank.se,www.riksbank.se,1988:1385,,,,,,,,,,,,,,,,,
